molecole,indice_atomi,match,indice_atomo,probabilita,y_pred_prob
10382,1,0,1,0.0252311397343873,0
10382,2,1,2,0.546974241733551,1
10382,3,0,3,0.0016566647682338,0
10382,4,0,4,0.0016484515508636,0
10382,5,0,5,0.0015693636378273,0
10382,6,0,6,0.0064046923071146,0
10382,7,0,7,0.0120289847254753,0
10382,8,0,8,0.0064046923071146,0
10382,9,0,9,0.0015693636378273,0
10382,10,0,10,0.0296357497572898,0
10382,11,0,11,0.0223257653415203,0
10382,12,0,12,0.0332570262253284,0
10382,13,0,13,0.0357213802635669,0
10382,14,0,14,0.0261413007974624,0
10382,15,0,15,0.0196172166615724,0
10382,16,0,16,0.0249719936400651,0
10382,17,0,17,0.0403011888265609,0
10382,18,0,18,0.0684999078512191,0
10382,19,0,19,0.1356490552425384,0
10382,20,0,20,0.0206029862165451,0
10382,21,0,21,0.8482755422592163,1
10382,22,0,22,0.0171752292662858,0
10382,23,0,23,0.0069295456632971,0
10382,24,0,24,0.0016591886524111,0
10382,25,0,25,0.0011255285935476,0
10382,26,0,26,0.0016591886524111,0
10382,27,0,27,0.0069295456632971,0
10382,28,0,28,0.0014700656756758,0
10382,29,0,29,0.000947005697526,0
10382,30,0,30,0.000947005697526,0
10382,31,0,31,0.0010607267031446,0
10382,32,0,32,0.0008577342960052,0
10382,33,0,33,0.0008577342960052,0
10565,1,1,1,0.8978608250617981,1
10565,2,1,2,0.9785619974136353,1
10565,3,0,3,0.8978608250617981,1
10565,4,0,4,0.8564690947532654,1
10565,5,0,5,0.0418211668729782,0
10565,6,0,6,0.0015943623147904,0
10565,7,0,7,0.0052566193044185,0
10565,8,0,8,0.0184812154620885,0
10565,9,0,9,0.0103581165894865,0
10565,10,0,10,0.0215328466147184,0
10565,11,0,11,0.0016440510516986,0
10565,12,0,12,0.0095251491293311,0
10565,13,0,13,0.0310553293675184,0
10565,14,0,14,0.0235209334641695,0
10565,15,0,15,0.0107852397486567,0
10565,16,0,16,0.0184306129813194,0
10565,17,0,17,0.00852020829916,0
10565,18,0,18,0.00852020829916,0
10565,19,0,19,0.0174545831978321,0
10565,20,0,20,0.0293280277401208,0
10565,21,0,21,0.0485391728579998,0
10565,22,0,22,0.048305545002222,0
10565,23,0,23,0.02659104578197,0
10565,24,0,24,0.0326263941824436,0
10835,1,0,1,0.0140171833336353,0
10835,2,0,2,0.0027182772755622,0
10835,3,0,3,0.004940734244883,0
10835,4,0,4,0.0027182772755622,0
10835,5,0,5,0.0140171833336353,0
10835,6,0,6,0.0060325162485241,0
10835,7,0,7,0.0071121999062597,0
10835,8,0,8,0.0224241446703672,0
10835,9,0,9,0.0019458633614704,0
10835,10,0,10,0.0009894034592434,0
10835,11,0,11,0.0012059261789545,0
10835,12,0,12,0.0013586966088041,0
10835,13,0,13,0.0039102425798773,0
10835,14,0,14,0.0013586966088041,0
10835,15,0,15,0.0009894034592434,0
10835,16,0,16,0.0012059261789545,0
10835,17,0,17,0.0015826900489628,0
10835,18,0,18,0.0025558236520737,0
10835,19,0,19,0.0051631927490234,0
10835,20,0,20,0.0135445790365338,0
10835,21,0,21,0.497292548418045,0
10835,22,0,22,0.7330034971237183,1
10835,23,1,23,0.975822925567627,1
10835,24,0,24,0.9219881892204284,1
10835,25,1,25,0.974381387233734,1
10835,26,0,26,0.0033124163746833,0
10835,27,0,27,0.0256905499845743,0
10835,28,0,28,0.0150690050795674,0
10835,29,0,29,0.0475869849324226,0
10835,30,0,30,0.0474501997232437,0
10835,31,0,31,0.0203434359282255,0
10835,32,0,32,0.0035344564821571,0
11115,1,1,1,0.889022171497345,1
11115,2,1,2,0.9612950682640076,1
11115,3,0,3,0.889022171497345,1
11115,4,1,4,0.8270540237426758,1
11115,5,0,5,0.0313187353312969,0
11115,6,0,6,0.0223929490894079,0
11115,7,0,7,0.0447499006986618,0
11115,8,0,8,0.0466255955398082,0
11115,9,0,9,0.0107429390773177,0
11115,10,0,10,0.0465674474835395,0
11115,11,0,11,0.0080314436927437,0
11115,12,0,12,0.0465674251317977,0
11115,13,0,13,0.0107429446652531,0
11115,14,0,14,0.0466255955398082,0
11115,15,0,15,0.0447499006986618,0
11115,16,0,16,0.0223929490894079,0
11115,17,0,17,0.0313187353312969,0
11484,1,1,1,0.8335688710212708,1
11484,2,0,2,0.0139105394482612,0
11484,3,0,3,0.013486610725522,0
11484,4,0,4,0.0066216378472745,0
11484,5,0,5,0.0074630519375205,0
11484,6,0,6,0.0059293606318533,0
11484,7,0,7,0.0150660462677478,0
11484,8,0,8,0.0039584483020007,0
11484,9,0,9,0.0114195346832275,0
11484,10,0,10,0.0732863321900367,0
11484,11,0,11,0.1918986439704895,0
11484,12,0,12,0.0723981410264968,0
11484,13,0,13,0.1918986439704895,0
11484,14,0,14,0.0732863321900367,0
11500,1,1,1,0.965591847896576,1
11500,2,1,2,0.9703283309936525,1
11500,3,0,3,0.0432859100401401,0
11500,4,0,4,0.0669243782758712,0
11500,5,0,5,0.0645083039999008,0
11500,6,0,6,0.0578851215541362,0
11500,7,0,7,0.0352808237075805,0
11500,8,0,8,0.04811467602849,0
11500,9,0,9,0.0144046247005462,0
11500,10,0,10,0.008611443452537,0
11500,11,0,11,0.0047020618803799,0
11500,12,0,12,0.041856225579977,0
11500,13,0,13,0.0494924113154411,0
11500,14,0,14,0.0176227558404207,0
11500,15,0,15,0.0042286911047995,0
11500,16,0,16,0.0008232315303757,0
11500,17,0,17,0.027309238910675,0
11500,18,0,18,0.0037066154181957,0
11500,19,0,19,0.0075473915785551,0
11500,20,0,20,0.0013448467943817,0
11500,21,0,21,0.0200183112174272,0
11500,22,0,22,0.0316483303904533,0
11500,23,0,23,0.0227796547114849,0
11500,24,0,24,0.0866480097174644,0
11894,1,0,1,0.0244143884629011,0
11894,2,0,2,0.0858113095164299,0
11894,3,1,3,0.5325608253479004,1
11894,4,0,4,0.0086164567619562,0
11894,5,0,5,0.0050546214915812,0
11894,6,0,6,0.0050546214915812,0
11894,7,0,7,0.0458067767322063,0
11894,8,0,8,0.0573414303362369,0
11894,9,1,9,0.8713050484657288,1
11894,10,1,10,0.8627970218658447,1
11894,11,0,11,0.0099097248166799,0
11894,12,0,12,0.0022496338933706,0
11894,13,0,13,0.0297459010034799,0
11894,14,0,14,0.0314627438783645,0
11894,15,0,15,0.0074066314846277,0
11894,16,0,16,0.0013495056191459,0
11894,17,0,17,0.0008465911378152,0
11943,1,1,1,0.9800942540168762,1
11943,2,1,2,0.975553035736084,1
11943,3,0,3,0.8082119226455688,1
11943,4,0,4,0.6990085244178772,1
11943,5,0,5,0.3528448045253753,0
11943,6,0,6,0.018340004608035,0
11943,7,0,7,0.0459385961294174,0
11943,8,0,8,0.025459786877036,0
11943,9,0,9,0.0583136230707168,0
11943,10,0,10,0.0810312554240226,0
11943,11,0,11,0.1407730430364608,0
11943,12,0,12,0.149574264883995,0
11943,13,0,13,0.1277090311050415,0
11943,14,0,14,0.0138369193300604,0
11943,15,0,15,0.8130862712860107,1
11943,16,0,16,0.0085402997210621,0
11943,17,0,17,0.0031447308138012,0
11943,18,0,18,0.0102112181484699,0
11943,19,0,19,0.0013736266409978,0
11943,20,0,20,0.0102112181484699,0
11943,21,0,21,0.0031447308138012,0
11943,22,0,22,0.0019593690522015,0
11943,23,0,23,0.0008526044548489,0
11943,24,0,24,0.0016630033496767,0
11943,25,0,25,0.0036555125843733,0
11943,26,0,26,0.0037079928442835,0
11943,27,0,27,0.0314898826181888,0
11943,28,0,28,0.0481569729745388,0
11943,29,0,29,0.0314898826181888,0
11943,30,0,30,0.0037079928442835,0
11943,31,0,31,0.0036555125843733,0
11943,32,0,32,0.0037079928442835,0
11943,33,0,33,0.0314898826181888,0
11943,34,0,34,0.0481569729745388,0
11943,35,0,35,0.0314898826181888,0
11943,36,0,36,0.0037079928442835,0
11987,1,0,1,0.8677472472190857,1
11987,2,1,2,0.9738362431526184,1
11987,3,1,3,0.9754878282546996,1
11987,4,0,4,0.7066583633422852,1
11987,5,0,5,0.23715540766716,0
11987,6,0,6,0.0010790207888931,0
11987,7,0,7,0.0021956467535346,0
11987,8,0,8,0.0053011332638561,0
11987,9,0,9,0.0090894596651196,0
11987,10,0,10,0.0361212790012359,0
11987,11,0,11,0.0345243029296398,0
11987,12,0,12,0.0117925545200705,0
12445,1,0,1,0.2874379456043243,0
12445,2,0,2,0.3264861106872558,0
12445,3,0,3,0.2458868771791458,0
12445,4,0,4,0.5050017237663269,1
12445,5,0,5,0.4289120137691498,0
12445,6,0,6,0.2793210446834564,0
12445,7,0,7,0.2019822746515274,0
12445,8,0,8,0.4244557917118072,0
12445,9,0,9,0.1742285192012787,0
12445,10,0,10,0.4810070991516113,0
12445,11,0,11,0.0574971325695514,0
12445,12,0,12,0.0550188235938549,0
12445,13,0,13,0.3709840476512909,0
12445,14,0,14,0.457127958536148,0
12445,15,0,15,0.2496850341558456,0
12445,16,0,16,0.4645129740238189,0
12445,17,0,17,0.0421629957854747,0
12445,18,1,18,0.9570577144622804,1
12445,19,0,19,0.055402934551239,0
12445,20,0,20,0.055402934551239,0
12445,21,1,21,0.9546038508415222,1
12497,1,1,1,0.7584736943244934,1
12497,2,0,2,0.1882959902286529,0
12497,3,0,3,0.1388145238161087,0
12497,4,0,4,0.1275038719177246,0
12497,5,0,5,0.0251166354864835,0
12497,6,0,6,0.0050398516468703,0
12497,7,0,7,0.0132216466590762,0
12497,8,0,8,0.0033712761942297,0
12497,9,0,9,0.0076475455425679,0
12497,10,0,10,0.0010581429814919,0
12497,11,0,11,0.0010581429814919,0
12497,12,0,12,0.0010581429814919,0
12497,13,0,13,0.0263404417783021,0
12497,14,0,14,0.3021158874034881,0
12497,15,0,15,0.1636940985918045,0
12763,1,0,1,0.638250470161438,1
12763,2,0,2,0.6131670475006104,1
12763,3,0,3,0.2242489010095596,0
12763,4,0,4,0.0033430845942348,0
12763,5,0,5,0.0013333248207345,0
12763,6,0,6,0.0009875796968117,0
12763,7,0,7,0.0012096783611923,0
12763,8,0,8,0.0210764817893505,0
12763,9,0,9,0.0161321684718132,0
12763,10,0,10,0.0670897662639617,0
12763,11,0,11,0.0781919062137603,0
12763,12,0,12,0.0411015637218952,0
12763,13,0,13,0.1558197438716888,0
12763,14,1,14,0.971634805202484,1
12763,15,0,15,0.0174260176718235,0
12763,16,0,16,0.0040012565441429,0
12763,17,0,17,0.0655058175325393,0
12763,18,0,18,0.0009875796968117,0
12763,19,0,19,0.0012096783611923,0
12763,20,0,20,0.0013333242386579,0
12763,21,1,21,0.9785243272781372,1
12763,22,0,22,0.9056581854820251,1
12763,23,1,23,0.9056581854820251,1
12824,1,0,1,0.0024653794243931,0
12824,2,0,2,0.0021839505061507,0
12824,3,0,3,0.0024653794243931,0
12824,4,0,4,0.0018304015975445,0
12824,5,0,5,0.0024766558781266,0
12824,6,0,6,0.0032349238172173,0
12824,7,0,7,0.0034579029306769,0
12824,8,0,8,0.0215356200933456,0
12824,9,0,9,0.0117505574598908,0
12824,10,0,10,0.0117518259212374,0
12824,11,0,11,0.0069362954236567,0
12824,12,0,12,0.0066241724416613,0
12824,13,0,13,0.0008308375254273,0
12824,14,0,14,0.0069362954236567,0
12824,15,0,15,0.0117518259212374,0
12824,16,0,16,0.0041741016320884,0
12824,17,0,17,0.2632514536380768,0
12824,18,0,18,0.6256240606307983,1
12824,19,0,19,0.973610520362854,1
12824,20,0,20,0.9633849263191224,1
12824,21,0,21,0.6794518828392029,1
12824,22,0,22,0.9592133164405824,1
12824,23,0,23,0.9496725797653198,1
12824,24,0,24,0.8588439226150513,1
12824,25,1,25,0.9769798517227172,1
12824,26,0,26,0.8995375633239746,1
12824,27,1,27,0.8995375633239746,1
12824,28,0,28,0.0009586333180777,0
12824,29,0,29,0.0028703447896987,0
12824,30,0,30,0.0023709102533757,0
12824,31,0,31,0.0008496057707816,0
12824,32,0,32,0.0008496057707816,0
12824,33,0,33,0.0008624631445854,0
12931,1,0,1,0.5327074527740479,1
12931,2,0,2,0.7908883094787598,1
12931,3,0,3,0.5327074527740479,1
12931,4,0,4,0.8927472233772278,1
12931,5,0,5,0.9126536846160888,1
12931,6,0,6,0.8640193343162537,1
12931,7,0,7,0.4375723600387573,0
12931,8,0,8,0.0187235679477453,0
12931,9,0,9,0.8747683167457581,1
12931,10,1,10,0.9666332602500916,1
12931,11,1,11,0.9684882164001464,1
1365,1,0,1,0.1820835173130035,0
1365,2,0,2,0.0846288651227951,0
1365,3,0,3,0.0694570839405059,0
1365,4,0,4,0.2059180289506912,0
1365,5,1,5,0.9884132742881776,1
1365,6,0,6,0.2988026440143585,0
1365,7,0,7,0.1495134383440017,0
1365,8,0,8,0.0208283215761184,0
1365,9,0,9,0.389555275440216,0
1365,10,0,10,0.098934955894947,0
1365,11,0,11,0.2558170258998871,0
1365,12,1,12,0.9566794037818908,1
1365,13,0,13,0.0156906694173812,0
1365,14,0,14,0.0025522375945001,0
1365,15,0,15,0.0014583393931388,0
1365,16,0,16,0.0047147586010396,0
1365,17,0,17,0.0059605631977319,0
1365,18,0,18,0.0059605631977319,0
1365,19,0,19,0.2763824164867401,0
1365,20,1,20,0.858144223690033,1
1365,21,0,21,0.2518757581710815,0
1365,22,0,22,0.2969905734062195,0
1365,23,0,23,0.0653305500745773,0
1365,24,0,24,0.1188561469316482,0
1365,25,0,25,0.0149929858744144,0
1365,26,0,26,0.0045505654998123,0
1365,27,0,27,0.0011965334415435,0
1365,28,0,28,0.0047940178774297,0
1365,29,0,29,0.0059605631977319,0
1365,30,0,30,0.0059605631977319,0
14583,1,0,1,0.9720383286476136,1
14583,2,0,2,0.9641063213348388,1
14583,3,0,3,0.0205459855496883,0
14583,4,0,4,0.0078671956434845,0
14583,5,0,5,0.0212333556264638,0
14583,6,0,6,0.0063191056251525,0
14583,7,0,7,0.0483058132231235,0
14583,8,0,8,0.131437063217163,0
14583,9,1,9,0.9772374033927916,1
14583,10,0,10,0.9303215742111206,1
14583,11,0,11,0.9219303131103516,1
14583,12,0,12,0.1720237880945205,0
14583,13,0,13,0.3029541373252868,0
14583,14,0,14,0.0025752244982868,0
14583,15,0,15,0.0022387569770216,0
14583,16,0,16,0.0015464769676327,0
14583,17,0,17,0.001496244338341,0
14583,18,0,18,0.004511494655162,0
14583,19,0,19,0.0712894052267074,0
14583,20,0,20,0.1118500009179115,0
14583,21,0,21,0.1832591742277145,0
14583,22,0,22,0.0352239124476909,0
14583,23,0,23,0.0022540339268743,0
14583,24,0,24,0.0010839088354259,0
14583,25,0,25,0.0024294564500451,0
14583,26,0,26,0.0021255032625049,0
14583,27,0,27,0.0407701805233955,0
14583,28,0,28,0.048290729522705,0
14583,29,0,29,0.0407701805233955,0
14583,30,0,30,0.0021255032625049,0
14972,1,0,1,0.004527686163783,0
14972,2,0,2,0.0039262906648218,0
14972,3,0,3,0.004527686163783,0
14972,4,1,4,0.851633608341217,1
14972,5,0,5,0.0015769680030643,0
14972,6,0,6,0.0009762936388142,0
14972,7,0,7,0.001988970208913,0
14972,8,0,8,0.0407366566359996,0
14972,9,0,9,0.0482939928770065,0
14972,10,0,10,0.0407366566359996,0
14972,11,0,11,0.001988970208913,0
14979,1,1,1,0.9620028138160706,1
14979,2,1,2,0.964677631855011,1
14979,3,0,3,0.0071858773007988,0
14979,4,0,4,0.0063186441548168,0
14979,5,0,5,0.0023077533114701,0
14979,6,0,6,0.0098399417474865,0
14979,7,0,7,0.0014517252566292,0
14979,8,0,8,0.0013200168032199,0
14979,9,0,9,0.0009545770590193,0
14979,10,0,10,0.0014556159731,0
14979,11,0,11,0.0015833262586966,0
14979,12,0,12,0.0015833262586966,0
14979,13,0,13,0.001988484757021,0
14979,14,0,14,0.0011003084946423,0
14979,15,0,15,0.0095231551676988,0
14979,16,0,16,0.1111885905265808,0
14979,17,0,17,0.138059601187706,0
14979,18,0,18,0.0792081356048584,0
14979,19,0,19,0.011262472718954,0
14979,20,0,20,0.0028278492391109,0
14979,21,0,21,0.0018011592328548,0
14979,22,0,22,0.0009228095295839,0
14979,23,0,23,0.0018124697962775,0
14979,24,0,24,0.0023738716263324,0
14979,25,0,25,0.0008364975219592,0
14979,26,0,26,0.0008364975219592,0
14979,27,0,27,0.0008364975219592,0
15000,1,0,1,0.0223204307258129,0
15000,2,0,2,0.0060075893998146,0
15000,3,0,3,0.0009324573911726,0
15000,4,0,4,0.0011026768479496,0
15000,5,0,5,0.0014438782818615,0
15000,6,0,6,0.0020448479335755,0
15000,7,0,7,0.0010323195019736,0
15000,8,0,8,0.002149777719751,0
15000,9,0,9,0.0039644236676394,0
15000,10,0,10,0.0019798628054559,0
15000,11,0,11,0.001010765437968,0
15000,12,0,12,0.001403649454005,0
15000,13,0,13,0.0069585246965289,0
15000,14,0,14,0.0225305184721946,0
15000,15,1,15,0.8124495148658752,1
15000,16,1,16,0.9048846960067748,1
15000,17,1,17,0.9251839518547058,1
15000,18,1,18,0.7229393720626831,1
15000,19,0,19,0.7229393720626831,1
15000,20,1,20,0.980587601661682,1
15000,21,0,21,0.8992357850074768,1
15000,22,1,22,0.8992357850074768,1
15000,23,0,23,0.0024985955096781,0
15000,24,0,24,0.0008503870340064,0
15000,25,0,25,0.0008503870340064,0
15000,26,0,26,0.0008503870340064,0
15241,1,0,1,0.0024311197921633,0
15241,2,0,2,0.003425175556913,0
15241,3,0,3,0.0024311197921633,0
15241,4,0,4,0.0017464793054386,0
15241,5,0,5,0.0036793581675738,0
15241,6,0,6,0.00178774446249,0
15241,7,0,7,0.0010720820864662,0
15241,8,0,8,0.0015005213208496,0
15241,9,0,9,0.0031103638466447,0
15241,10,0,10,0.0015415914822369,0
15241,11,0,11,0.0015838713152334,0
15241,12,0,12,0.0036764717660844,0
15241,13,0,13,0.015799768269062,0
15241,14,0,14,0.0239738039672374,0
15241,15,0,15,0.0036970099899917,0
15241,16,0,16,0.0078751416876912,0
15241,17,0,17,0.0067107854411005,0
15241,18,0,18,0.0067107854411005,0
15241,19,0,19,0.0019527623662725,0
15241,20,0,20,0.0013361093588173,0
15241,21,0,21,0.0089299539104104,0
15241,22,0,22,0.0756510868668556,0
15241,23,1,23,0.850256621837616,1
15241,24,1,24,0.9749650359153748,1
15241,25,1,25,0.9716236591339112,1
15241,26,1,26,0.9351194500923156,1
15241,27,0,27,0.2881462275981903,0
15241,28,0,28,0.004671408329159,0
15241,29,0,29,0.002014915458858,0
15241,30,0,30,0.0401923358440399,0
15241,31,0,31,0.0482613183557987,0
15241,32,0,32,0.0401923358440399,0
15241,33,0,33,0.002014915458858,0
15241,34,0,34,0.1614252626895904,0
15241,35,0,35,0.2252261191606521,0
15241,36,0,36,0.0241455398499965,0
15241,37,0,37,0.1395129859447479,0
15241,38,0,38,0.2245098203420639,0
15241,39,0,39,0.0984677523374557,0
15241,40,0,40,0.0678979456424713,0
15241,41,0,41,0.0731138437986373,0
15241,42,0,42,0.0796049982309341,0
15241,43,0,43,0.0662400498986244,0
15241,44,0,44,0.0050523434765636,0
15241,45,0,45,0.0024970923550426,0
15241,46,0,46,0.0020822146907448,0
15241,47,0,47,0.040653258562088,0
15241,48,0,48,0.0482786782085895,0
15241,49,0,49,0.040653258562088,0
15241,50,0,50,0.0020822146907448,0
15351,1,0,1,0.0731901749968528,0
15351,2,0,2,0.2421150356531143,0
15351,3,0,3,0.1985075175762176,0
15351,4,0,4,0.0314704366028308,0
15351,5,0,5,0.0018409087788313,0
15351,6,0,6,0.0023626373149454,0
15351,7,0,7,0.0015658581396564,0
15351,8,0,8,0.0180379953235387,0
15351,9,0,9,0.5001131892204285,1
15351,10,0,10,0.4081423282623291,0
15351,11,1,11,0.4415040910243988,0
15351,12,0,12,0.4081423282623291,0
15351,13,0,13,0.5001131892204285,1
15351,14,0,14,0.1286093741655349,0
15351,15,0,15,0.1863634288311004,0
15351,16,0,16,0.1032881885766983,0
15351,17,0,17,0.157365396618843,0
15351,18,0,18,0.2004597336053848,0
15351,19,0,19,0.1970682144165039,0
15568,1,1,1,0.9637788534164428,1
15568,2,1,2,0.9903550148010254,1
15568,3,1,3,0.9637788534164428,1
15568,4,0,4,0.079682633280754,0
15568,5,0,5,0.0033281391952186,0
15568,6,0,6,0.0054585575126111,0
15568,7,0,7,0.029959263280034,0
15568,8,0,8,0.0503476597368717,0
15568,9,0,9,0.034036748111248,0
15568,10,0,10,0.0066826515831053,0
15568,11,0,11,0.0011410312727093,0
15568,12,0,12,0.0021955424454063,0
15568,13,0,13,0.0014143694425001,0
1598,1,1,1,0.9879629015922546,1
1598,2,0,2,0.0952939093112945,0
1598,3,0,3,0.5974904894828796,1
1598,4,0,4,0.1061311736702919,0
1598,5,0,5,0.1058243662118911,0
1598,6,0,6,0.0514554679393768,0
1598,7,0,7,0.0743837282061576,0
1598,8,0,8,0.0856222212314605,0
1598,9,0,9,0.0039928737096488,0
1598,10,0,10,0.1033233925700187,0
1598,11,0,11,0.0290999226272106,0
1598,12,0,12,0.0055913352407515,0
1598,13,0,13,0.0080189853906631,0
1598,14,0,14,0.0078416559845209,0
1598,15,0,15,0.0307272132486104,0
1598,16,0,16,0.4696505665779114,0
16160,1,1,1,0.978539228439331,1
16160,2,0,2,0.121268406510353,0
16160,3,0,3,0.0205435473471879,0
16160,4,0,4,0.0110454801470041,0
16160,5,0,5,0.0013451140839606,0
16160,6,0,6,0.0253686588257551,0
16160,7,0,7,0.0228529144078493,0
16160,8,0,8,0.0192776955664157,0
16160,9,0,9,0.0030866137240082,0
16160,10,0,10,0.0021849253680557,0
16160,11,0,11,0.0012053077807649,0
16160,12,0,12,0.0034803552553057,0
16160,13,0,13,0.0052063958719372,0
16160,14,0,14,0.0142372548580169,0
16160,15,0,15,0.0174039285629987,0
16160,16,0,16,0.0046980553306639,0
16160,17,0,17,0.0009769346797838,0
16160,18,0,18,0.0039214002899825,0
16160,19,0,19,0.0009403034928254,0
16160,20,0,20,0.0015226434916257,0
16419,1,0,1,0.0122336447238922,0
16419,2,0,2,0.0228826254606246,0
16419,3,0,3,0.0195816606283187,0
16419,4,0,4,0.0246889945119619,0
16419,5,0,5,0.0142321027815341,0
16419,6,0,6,0.0150540359318256,0
16419,7,0,7,0.0124923288822174,0
16419,8,0,8,0.045599203556776,0
16419,9,0,9,0.0199305526912212,0
16419,10,0,10,0.0119988340884447,0
16419,11,0,11,0.006414087023586,0
16419,12,0,12,0.0015930557856336,0
16419,13,0,13,0.0014220766024664,0
16419,14,0,14,0.001569915912114,0
16419,15,0,15,0.0012067414354532,0
16419,16,0,16,0.001743753789924,0
16419,17,0,17,0.304253339767456,0
16419,18,1,18,0.8667889833450317,1
16419,19,0,19,0.6673396825790405,1
16419,20,0,20,0.6673396825790405,1
16419,21,1,21,0.9784119725227356,1
16419,22,0,22,0.9032672047615052,1
16419,23,1,23,0.9032672047615052,1
16419,24,0,24,0.0020936711225658,0
16419,25,0,25,0.0012345280265435,0
16419,26,0,26,0.0019403841579332,0
16419,27,0,27,0.0020349719561636,0
16419,28,0,28,0.0020349719561636,0
16419,29,0,29,0.0020349719561636,0
16419,30,0,30,0.0017357226461172,0
16419,31,0,31,0.0034463806077837,0
16419,32,0,32,0.0211781095713377,0
16419,33,0,33,0.0972775742411613,0
16419,34,0,34,0.0236360095441341,0
16419,35,0,35,0.0134272947907447,0
16419,36,0,36,0.0059359516017138,0
16419,37,0,37,0.0169138591736555,0
16419,38,0,38,0.0923378393054008,0
16419,39,0,39,0.0758558064699173,0
16419,40,0,40,0.1013416722416877,0
16419,41,0,41,0.0517531894147396,0
16419,42,0,42,0.0049615791067481,0
16419,43,0,43,0.0039287530817091,0
16419,44,0,44,0.0017027280991896,0
16419,45,0,45,0.0015930557856336,0
16419,46,0,46,0.006414087023586,0
16534,1,0,1,0.0155861563980579,0
16534,2,0,2,0.0070142825134098,0
16534,3,0,3,0.0077212299220263,0
16534,4,0,4,0.0586709156632423,0
16534,5,0,5,0.2673594951629638,0
16534,6,1,6,0.9689749479293824,1
16534,7,0,7,0.0488468781113624,0
16534,8,0,8,0.2925042510032654,0
16534,9,1,9,0.8487921953201294,1
16534,10,0,10,0.0273814145475626,0
16534,11,0,11,0.0011749694822356,0
16534,12,0,12,0.0019493724685162,0
16534,13,0,13,0.0026165705639868,0
16534,14,0,14,0.0238610245287418,0
16534,15,0,15,0.0129280164837837,0
16534,16,0,16,0.0106906201690435,0
16534,17,0,17,0.0250655692070722,0
16534,18,0,18,0.0051433523185551,0
17215,1,0,1,0.1762625277042389,0
17215,2,0,2,0.0959008857607841,0
17215,3,0,3,0.146825686097145,0
17215,4,0,4,0.1872127205133438,0
17215,5,1,5,0.9888193011283876,1
17215,6,0,6,0.3356089293956756,0
17215,7,0,7,0.3319453597068786,0
17215,8,0,8,0.0165948420763015,0
17215,9,0,9,0.0036771232262253,0
17215,10,0,10,0.0040067466907203,0
17215,11,0,11,0.0058319792151451,0
17215,12,0,12,0.0013292181538417,0
17215,13,0,13,0.0012782952981069,0
17215,14,0,14,0.003268614411354,0
17215,15,0,15,0.0133080938830971,0
17215,16,0,16,0.2244400829076767,0
17215,17,0,17,0.087053082883358,0
17215,18,0,18,0.0587329529225826,0
17215,19,0,19,0.0138109102845191,0
17215,20,0,20,0.0016391105018556,0
17215,21,0,21,0.005465654656291,0
17215,22,0,22,0.2573544979095459,0
17215,23,0,23,0.4421306848526001,0
17215,24,0,24,0.2194139957427978,0
17215,25,0,25,0.3548125326633453,0
17215,26,0,26,0.3106119334697723,0
17215,27,0,27,0.0017517452361062,0
17215,28,0,28,0.0027619134634733,0
17375,1,0,1,0.0154332667589187,0
17375,2,0,2,0.007232055068016,0
17375,3,0,3,0.0084673017263412,0
17375,4,0,4,0.0081935264170169,0
17375,5,0,5,0.0188485030084848,0
17375,6,0,6,0.0126937879249453,0
17375,7,0,7,0.0278366021811962,0
17375,8,0,8,0.0101524163037538,0
17375,9,0,9,0.018768960610032,0
17375,10,0,10,0.0031396870035678,0
17375,11,0,11,0.00361586548388,0
17375,12,0,12,0.0067200949415564,0
17375,13,0,13,0.0223380289971828,0
17375,14,0,14,0.055322989821434,0
17375,15,0,15,0.0060431640595197,0
17375,16,0,16,0.0140248294919729,0
17375,17,0,17,0.0119567494839429,0
17375,18,0,18,0.0247158203274011,0
17375,19,0,19,0.0210436433553695,0
17375,20,0,20,0.1379606425762176,0
17375,21,0,21,0.4214516878128052,0
17375,22,0,22,0.2355719208717346,0
17375,23,1,23,0.9641127586364746,1
17375,24,1,24,0.9776483178138732,1
17375,25,0,25,0.0247158259153366,0
17375,26,0,26,0.0210436377674341,0
17375,27,0,27,0.0119567494839429,0
17613,1,0,1,0.0164556764066219,0
17613,2,0,2,0.034558530896902,0
17613,3,0,3,0.0463810414075851,0
17613,4,0,4,0.2550583481788635,0
17613,5,0,5,0.9678093194961548,1
17613,6,0,6,0.1009082123637199,0
17613,7,0,7,0.2915895283222198,0
17613,8,0,8,0.0761457905173301,0
17613,9,0,9,0.1036654561758041,0
17613,10,0,10,0.2577929198741913,0
17613,11,0,11,0.9683083295822144,1
17613,12,0,12,0.1357370316982269,0
17613,13,0,13,0.2561031579971313,0
17613,14,1,14,0.9680094122886658,1
17613,15,0,15,0.1036364585161209,0
17613,16,0,16,0.1036364585161209,0
17613,17,0,17,0.2561031579971313,0
17613,18,0,18,0.9680094122886658,1
17613,19,0,19,0.1357370465993881,0
17613,20,0,20,0.2577929198741913,0
17613,21,0,21,0.9683082103729248,1
17613,22,0,22,0.1036654785275459,0
17613,23,0,23,0.2915895581245422,0
17613,24,0,24,0.0761457905173301,0
17613,25,0,25,0.1009082123637199,0
17613,26,0,26,0.2550583183765411,0
17613,27,0,27,0.9678093194961548,1
17613,28,0,28,0.046381052583456,0
17613,29,0,29,0.034558530896902,0
17613,30,0,30,0.0164556764066219,0
17613,31,0,31,0.0134025057777762,0
17613,32,0,32,0.0134025057777762,0
17613,33,0,33,0.0217989683151245,0
17613,34,0,34,0.0266041401773691,0
17613,35,0,35,0.0208034068346023,0
17613,36,0,36,0.0266041457653045,0
17613,37,0,37,0.0217989683151245,0
17613,38,0,38,0.0208034068346023,0
18166,1,0,1,0.0860341787338256,0
18166,2,0,2,0.1326911747455597,0
18166,3,0,3,0.1308358013629913,0
18166,4,0,4,0.014067105948925,0
18166,5,0,5,0.0755838602781295,0
18166,6,1,6,0.1169890910387039,0
18166,7,1,7,0.7691742181777954,1
18166,8,1,8,0.974090337753296,1
18166,9,0,9,0.901236653327942,1
18166,10,1,10,0.901236653327942,1
18166,11,0,11,0.0037088964600116,0
18166,12,0,12,0.0022602514363825,0
18166,13,0,13,0.0392264537513256,0
18166,14,0,14,0.0482979640364646,0
18166,15,0,15,0.0392264537513256,0
18166,16,0,16,0.0022602514363825,0
18166,17,0,17,0.0022652314510196,0
18166,18,0,18,0.0010666206944733,0
18166,19,0,19,0.0008216237765736,0
18166,20,0,20,0.0009687666315585,0
18166,21,0,21,0.0008216237765736,0
18166,22,0,22,0.0010666206944733,0
18166,23,0,23,0.0009569355752319,0
18166,24,0,24,0.001380528206937,0
18166,25,0,25,0.0010129893198609,0
18166,26,0,26,0.0030837976373732,0
18166,27,0,27,0.006013817153871,0
18166,28,0,28,0.0065415385179221,0
18166,29,0,29,0.0008273101411759,0
18166,30,0,30,0.006013817153871,0
18166,31,0,31,0.0030837976373732,0
18199,1,0,1,0.02595573104918,0
18199,2,0,2,0.5253849625587463,1
18199,3,0,3,0.1675094813108444,0
18199,4,0,4,0.1901658922433853,0
18199,5,0,5,0.1234659105539321,0
18199,6,0,6,0.0583787709474563,0
18199,7,0,7,0.0013282537693157,0
18199,8,0,8,0.0026107297744601,0
18199,9,0,9,0.0019828244112432,0
18199,10,0,10,0.0881259515881538,0
18199,11,0,11,0.1932531744241714,0
18199,12,0,12,0.0481779612600803,0
18199,13,0,13,0.0068765669129788,0
18199,14,1,14,0.553537905216217,1
18199,15,1,15,0.6226093769073486,1
18199,16,1,16,0.4820370972156524,0
18199,17,1,17,0.9459084272384644,1
18199,18,0,18,0.650654673576355,1
18199,19,0,19,0.6723615527153015,1
18199,20,0,20,0.4156430065631866,0
18199,21,0,21,0.3555220365524292,0
18303,1,0,1,0.0044338703155517,0
18303,2,0,2,0.0031795518007129,0
18303,3,0,3,0.0044338703155517,0
18303,4,0,4,0.003680374007672,0
18303,5,0,5,0.003680374007672,0
18303,6,0,6,0.0031795501708984,0
18303,7,0,7,0.0044338703155517,0
18303,8,0,8,0.0044338703155517,0
18303,9,0,9,0.0009878013515844,0
18303,10,0,10,0.0015157047891989,0
18303,11,0,11,0.0117811514064669,0
18303,12,0,12,0.0179234463721513,0
18303,13,0,13,0.0144094321876764,0
18303,14,0,14,0.0204120445996522,0
18303,15,0,15,0.0310637056827545,0
18303,16,0,16,0.0100551405921578,0
18303,17,0,17,0.0016021416522562,0
18303,18,0,18,0.0009863061131909,0
18303,19,0,19,0.012426758185029,0
18303,20,0,20,0.0079262079671025,0
18303,21,0,21,0.0054886266589164,0
18303,22,0,22,0.0090087354183197,0
18303,23,0,23,0.0054886266589164,0
18303,24,0,24,0.0079262079671025,0
18303,25,1,25,0.9913640022277832,1
18303,26,1,26,0.9685745239257812,1
18303,27,1,27,0.9685745239257812,1
18311,1,1,1,0.977813720703125,1
18311,2,1,2,0.9783777594566344,1
18311,3,0,3,0.7746641635894775,1
18311,4,0,4,0.5186789631843567,1
18311,5,0,5,0.0018716503400355,0
18311,6,0,6,0.5186789631843567,1
18311,7,0,7,0.7746641635894775,1
18311,8,0,8,0.0020007628481835,0
18311,9,0,9,0.0008696208824403,0
18311,10,0,10,0.0010692516807466,0
18311,11,0,11,0.0015154110733419,0
18311,12,0,12,0.0022520208731293,0
18311,13,0,13,0.0014451328897848,0
18311,14,0,14,0.0040789493359625,0
18311,15,0,15,0.0140464212745428,0
18311,16,0,16,0.0081138797104358,0
18311,17,0,17,0.0178477931767702,0
18311,18,0,18,0.0487886220216751,0
18311,19,0,19,0.0479678250849247,0
18311,20,0,20,0.0139492936432361,0
18311,21,0,21,0.0023151526693254,0
18311,22,0,22,0.0021619063336402,0
18311,23,0,23,0.0011850275332108,0
18311,24,0,24,0.0021094609983265,0
1870,1,0,1,0.0032678330317139,0
1870,2,0,2,0.0012192531721666,0
1870,3,0,3,0.0012863881420344,0
1870,4,0,4,0.0052739339880645,0
1870,5,0,5,0.0050881798379123,0
1870,6,0,6,0.0120390877127647,0
1870,7,0,7,0.0365414768457412,0
1870,8,0,8,0.0070328493602573,0
1870,9,0,9,0.0027387517038732,0
1870,10,0,10,0.0013602153630927,0
1870,11,0,11,0.0019354377873241,0
1870,12,0,12,0.0014573947992175,0
1870,13,0,13,0.0029628698248416,0
1870,14,0,14,0.0019606805872172,0
1870,15,0,15,0.0081786485388875,0
1870,16,0,16,0.0086581232026219,0
1870,17,0,17,0.0011317493626847,0
1870,18,0,18,0.0081786485388875,0
1870,19,0,19,0.0019606805872172,0
1870,20,0,20,0.0030774464830756,0
1870,21,0,21,0.0041495487093925,0
1870,22,0,22,0.004933048505336,0
1870,23,1,23,0.9247440099716188,1
1870,24,1,24,0.9807902574539183,1
1870,25,0,25,0.8984631299972534,1
1870,26,1,26,0.8984631299972534,1
18734,1,0,1,0.0518753938376903,0
18734,2,0,2,0.0198634248226881,0
18734,3,0,3,0.006491663865745,0
18734,4,0,4,0.0035159813705831,0
18734,5,0,5,0.0018524181796237,0
18734,6,0,6,0.0046942201443016,0
18734,7,0,7,0.0431498065590858,0
18734,8,0,8,0.001746418653056,0
18734,9,0,9,0.00109952269122,0
18734,10,0,10,0.0039205471985042,0
18734,11,0,11,0.0035309519153088,0
18734,12,0,12,0.003530393121764,0
18734,13,0,13,0.5850998163223267,1
18734,14,0,14,0.0930168703198432,0
18734,15,1,15,0.9878383874893188,1
18734,16,0,16,0.2976372838020324,0
18734,17,0,17,0.0022773351520299,0
18734,18,0,18,0.0008707709494046,0
18734,19,0,19,0.002023336244747,0
18734,20,0,20,0.0029374114237725,0
18734,21,0,21,0.0542774200439453,0
18734,22,0,22,0.0024775324854999,0
18734,23,0,23,0.0015203491784632,0
18734,24,0,24,0.0033546998165547,0
18734,25,0,25,0.0153523040935397,0
18734,26,0,26,0.0162108242511749,0
18734,27,0,27,0.007500372827053,0
18734,28,0,28,0.0012095493730157,0
18734,29,0,29,0.0019365160260349,0
18734,30,0,30,0.0029739122837781,0
19390,1,0,1,0.8408774137496948,1
19390,2,0,2,0.0122219985350966,0
19390,3,0,3,0.0157645437866449,0
19390,4,0,4,0.0190157853066921,0
19390,5,0,5,0.0187093988060951,0
19390,6,0,6,0.0186048075556755,0
19390,7,0,7,0.0249038562178611,0
19390,8,0,8,0.0521957911550998,0
19390,9,0,9,0.0387334525585174,0
19390,10,0,10,0.0190095510333776,0
19390,11,0,11,0.0099583677947521,0
19390,12,1,12,0.9735423922538756,1
19390,13,1,13,0.9678163528442384,1
19390,14,0,14,0.0553118586540222,0
19390,15,0,15,0.0421405136585235,0
19390,16,0,16,0.0147462002933025,0
19390,17,0,17,0.0030906880274415,0
19390,18,0,18,0.0028973647858947,0
20768,1,1,1,0.8994621634483337,1
20768,2,1,2,0.9772919416427612,1
20768,3,1,3,0.8994621634483337,1
20768,4,1,4,0.8842969536781311,1
20768,5,0,5,0.2213844209909439,0
20768,6,0,6,0.0038063346873968,0
20768,7,0,7,0.0028752512298524,0
20768,8,0,8,0.0066405972465872,0
20768,9,0,9,0.1233820915222168,0
20768,10,0,10,0.1026702523231506,0
20768,11,0,11,0.1135357022285461,0
20768,12,0,12,0.0054606962949037,0
20768,13,0,13,0.0011011557653546,0
20768,14,0,14,0.001399791566655,0
20768,15,0,15,0.0140365110710263,0
20768,16,0,16,0.2260489612817764,0
20768,17,0,17,0.1129982694983482,0
20768,18,0,18,0.0020363095682114,0
20768,19,0,19,0.0008570419158786,0
20768,20,0,20,0.0008570419158786,0
20768,21,0,21,0.0008570419158786,0
20768,22,0,22,0.1554969400167465,0
20768,23,0,23,0.0789213106036186,0
20768,24,0,24,0.1782489418983459,0
20768,25,0,25,0.0261302031576633,0
20768,26,0,26,0.0483708567917346,0
20768,27,0,27,0.0488222613930702,0
20768,28,0,28,0.030065394937992,0
20768,29,0,29,0.0055278255604207,0
21613,1,0,1,0.0114560192450881,0
21613,2,0,2,0.0188895259052515,0
21613,3,0,3,0.0111827747896313,0
21613,4,0,4,0.0125110726803541,0
21613,5,1,5,0.8421745300292969,1
21613,6,0,6,0.0023691279347985,0
21613,7,0,7,0.003390007186681,0
21613,8,0,8,0.0062865945510566,0
21613,9,0,9,0.0106665715575218,0
21613,10,0,10,0.0012996199075132,0
21613,11,0,11,0.0009949919767677,0
21613,12,0,12,0.0012996199075132,0
21613,13,0,13,0.0106665715575218,0
21613,14,0,14,0.0020733322016894,0
21613,15,0,15,0.0008555389940738,0
21613,16,0,16,0.0008555389940738,0
21613,17,0,17,0.0008555389940738,0
21654,1,0,1,0.0042446535080671,0
21654,2,0,2,0.0038632608484476,0
21654,3,0,3,0.0075139943510293,0
21654,4,0,4,0.0224125236272811,0
21654,5,1,5,0.9705002307891846,1
21654,6,1,6,0.9728925228118896,1
21654,7,0,7,0.0068297130055725,0
21654,8,0,8,0.008806612342596,0
21654,9,0,9,0.7014870643615723,1
21654,10,0,10,0.0064401584677398,0
21654,11,0,11,0.0052117137238383,0
21654,12,0,12,0.0200937055051326,0
21654,13,0,13,0.0149228908121585,0
21654,14,0,14,0.0125922448933124,0
21654,15,0,15,0.0083429552614688,0
21654,16,0,16,0.0169879607856273,0
21654,17,0,17,0.0019822979811578,0
21654,18,0,18,0.0056320996955037,0
21654,19,0,19,0.0025814934633672,0
21654,20,0,20,0.0112994369119405,0
21654,21,0,21,0.0130414087325334,0
21654,22,0,22,0.021616717800498,0
21654,23,0,23,0.0081643760204315,0
21654,24,0,24,0.021616717800498,0
21654,25,0,25,0.0130414087325334,0
21654,26,0,26,0.0024911784566938,0
21734,1,0,1,0.0045699756592512,0
21734,2,0,2,0.0012210825225338,0
21734,3,0,3,0.0009690657025203,0
21734,4,0,4,0.0009848318295553,0
21734,5,0,5,0.0023550919722765,0
21734,6,0,6,0.0010328921489417,0
21734,7,0,7,0.0014081118861213,0
21734,8,0,8,0.0061146593652665,0
21734,9,0,9,0.0018263341626152,0
21734,10,0,10,0.0009400831186212,0
21734,11,0,11,0.0008426973363384,0
21734,12,0,12,0.0012350843753665,0
21734,13,0,13,0.6228886842727661,1
21734,14,0,14,0.0834764838218689,0
21734,15,1,15,0.9886198043823242,1
21734,16,0,16,0.6228886842727661,1
21734,17,0,17,0.0012350843753665,0
21842,1,0,1,0.0028528883121907,0
21842,2,0,2,0.0022478718310594,0
21842,3,0,3,0.0028528883121907,0
21842,4,0,4,0.0034569040872156,0
21842,5,0,5,0.0415993742644786,0
21842,6,0,6,0.1406876891851425,0
21842,7,0,7,0.1478510349988937,0
21842,8,0,8,0.0056228032335639,0
21842,9,0,9,0.0043756966479122,0
21842,10,0,10,0.0554231740534305,0
21842,11,0,11,0.1385853439569473,0
21842,12,0,12,0.074642926454544,0
21842,13,0,13,0.0054373275488615,0
21842,14,0,14,0.0010478192707523,0
21842,15,0,15,0.002398386830464,0
21842,16,0,16,0.0053029712289571,0
21842,17,0,17,0.0067455773241817,0
21842,18,0,18,0.00812060944736,0
21842,19,0,19,0.0287284534424543,0
21842,20,0,20,0.0699116960167884,0
21842,21,0,21,0.1216756999492645,0
21842,22,1,22,0.98251074552536,1
21842,23,0,23,0.1035094410181045,0
21842,24,0,24,0.0733120962977409,0
21842,25,0,25,0.1334520131349563,0
22142,1,1,1,0.9686083197593688,1
22142,2,1,2,0.9913830161094666,1
22142,3,1,3,0.9686083197593688,1
22142,4,0,4,0.0120516559109091,0
22142,5,0,5,0.0067429933696985,0
22142,6,0,6,0.0127522526308894,0
22142,7,0,7,0.0677093788981437,0
22142,8,0,8,0.048563864082098,0
22142,9,0,9,0.0983675420284271,0
22142,10,0,10,0.0917766690254211,0
22142,11,0,11,0.0865349099040031,0
22142,12,0,12,0.0126386098563671,0
22142,13,0,13,0.0314340777695179,0
22142,14,0,14,0.0063349613919854,0
22142,15,0,15,0.0086633637547492,0
22142,16,0,16,0.0013418403686955,0
22142,17,0,17,0.0026663811877369,0
22142,18,0,18,0.0086633637547492,0
22142,19,0,19,0.0013418403686955,0
22142,20,0,20,0.0063349646516144,0
22278,1,0,1,0.2888537943363189,0
22278,2,0,2,0.2571333944797516,0
22278,3,0,3,0.2213793694972992,0
22278,4,0,4,0.6366093158721924,1
22278,5,0,5,0.6180293560028076,1
22278,6,1,6,0.6351230144500732,1
22278,7,0,7,0.1075797006487846,0
22278,8,0,8,0.3410621285438537,0
22278,9,0,9,0.3201214969158172,0
22278,10,0,10,0.755681574344635,1
22278,11,0,11,0.6912103891372681,1
22278,12,1,12,0.9792385697364808,1
22278,13,0,13,0.7641978859901428,1
22278,14,0,14,0.7018431425094604,1
22278,15,0,15,0.333235889673233,0
22278,16,0,16,0.373287945985794,0
22278,17,0,17,0.6236647963523865,1
22701,1,1,1,0.9673974514007568,1
22701,2,1,2,0.9908046722412108,1
22701,3,1,3,0.9673974514007568,1
22701,4,0,4,0.0304316971451044,0
22701,5,0,5,0.0135806612670421,0
22701,6,0,6,0.044804286211729,0
22701,7,0,7,0.1172775253653526,0
22701,8,0,8,0.0874110162258148,0
22701,9,0,9,0.0521484464406967,0
22701,10,0,10,0.0129453325644135,0
22701,11,0,11,0.0122303022071719,0
22701,12,0,12,0.0043216114863753,0
22701,13,0,13,0.0098089557141065,0
22701,14,0,14,0.0371247641742229,0
22701,15,0,15,0.0530217997729778,0
22701,16,0,16,0.0932091176509857,0
22701,17,0,17,0.0932091176509857,0
22701,18,0,18,0.0038917178753763,0
22701,19,0,19,0.0009848895715549,0
22701,20,0,20,0.0042289560660719,0
22847,1,1,1,0.7229392528533936,1
22847,2,1,2,0.9247824549674988,1
22847,3,0,3,0.7229392528533936,1
22847,4,1,4,0.9274367690086364,1
22847,5,1,5,0.8769989609718323,1
22847,6,0,6,0.0064485119655728,0
22847,7,0,7,0.0089203920215368,0
22847,8,0,8,0.0135076893493533,0
22847,9,0,9,0.0089203920215368,0
22847,10,0,10,0.0064485119655728,0
22847,11,0,11,0.0301756728440523,0
22847,12,0,12,0.0094515495002269,0
22847,13,0,13,0.0198339205235242,0
22847,14,0,14,0.0065691084600985,0
22847,15,0,15,0.0136057883501052,0
22847,16,0,16,0.0188607107847929,0
22847,17,0,17,0.0485583767294883,0
22847,18,0,18,0.0483534000813961,0
22847,19,0,19,0.0215974450111389,0
22847,20,0,20,0.0160937737673521,0
22847,21,1,21,0.980587601661682,1
22847,22,0,22,0.8992357850074768,1
22847,23,1,23,0.8992357850074768,1
23298,1,1,1,0.9046133160591124,1
23298,2,1,2,0.9789080023765564,1
23298,3,0,3,0.9046133160591124,1
23298,4,0,4,0.1236732304096221,0
23298,5,0,5,0.0154745914041996,0
23298,6,0,6,0.0016344229225069,0
23298,7,0,7,0.0011978499824181,0
23298,8,0,8,0.0011914604110643,0
23298,9,0,9,0.0010994686745107,0
23298,10,0,10,0.0011914604110643,0
23298,11,0,11,0.0011978499824181,0
23298,12,0,12,0.0086838472634553,0
23298,13,0,13,0.0086838472634553,0
24573,1,1,1,0.981680691242218,1
24573,2,0,2,0.0234169736504554,0
24573,3,1,3,0.0106065161526203,0
24573,4,1,4,0.1182302013039588,0
24573,5,1,5,0.0686651542782783,0
24573,6,0,6,0.1035799533128738,0
24573,7,0,7,0.0261189751327037,0
24617,1,0,1,0.068873718380928,0
24617,2,0,2,0.0435309372842311,0
24617,3,0,3,0.0339157842099666,0
24617,4,0,4,0.0169826503843069,0
24617,5,0,5,0.0300616882741451,0
24617,6,0,6,0.0066212555393576,0
24617,7,0,7,0.0246855337172746,0
24617,8,0,8,0.0508932843804359,0
24617,9,0,9,0.0876841321587562,0
24617,10,0,10,0.0753234177827835,0
24617,11,0,11,0.0154632562771439,0
24617,12,0,12,0.0059745023027062,0
24617,13,0,13,0.0273854807019233,0
24617,14,0,14,0.165761336684227,0
24617,15,0,15,0.1382438689470291,0
24617,16,0,16,0.0601492933928966,0
24617,17,0,17,0.1382438689470291,0
24617,18,0,18,0.165761336684227,0
24617,19,0,19,0.0346956551074981,0
24617,20,0,20,0.0301945284008979,0
24617,21,0,21,0.0213921759277582,0
24617,22,0,22,0.0241433605551719,0
24617,23,0,23,0.0077629089355468,0
24617,24,0,24,0.010021761059761,0
24617,25,0,25,0.0012525843922048,0
24617,26,0,26,0.0134851774200797,0
24617,27,0,27,0.0249885786324739,0
24617,28,0,28,0.0145724946632981,0
24617,29,1,29,0.9528667330741882,1
24617,30,1,30,0.4785295128822326,0
24617,31,1,31,0.9439411759376526,1
24657,1,0,1,0.0029646647162735,0
24657,2,0,2,0.0020774018485099,0
24657,3,0,3,0.0009107187506742,0
24657,4,0,4,0.0020774018485099,0
24657,5,0,5,0.0029646647162735,0
24657,6,0,6,0.0016155898338183,0
24657,7,0,7,0.0008304915972985,0
24657,8,0,8,0.0012527072103694,0
24657,9,0,9,0.001441380707547,0
24657,10,0,10,0.0056065581738948,0
24657,11,0,11,0.1028773039579391,0
24657,12,0,12,0.2482209801673889,0
24657,13,1,13,0.9680073261260986,1
24657,14,0,14,0.1209719181060791,0
24657,15,1,15,0.9685224294662476,1
24657,16,0,16,0.0246791522949934,0
24657,17,0,17,0.0019109905697405,0
24657,18,0,18,0.0008590552606619,0
24657,19,0,19,0.0035727797076106,0
24657,20,0,20,0.0027954531833529,0
24657,21,0,21,0.0016635512001812,0
24657,22,0,22,0.0012076015118509,0
24727,1,1,1,0.9859318733215332,1
24727,2,0,2,0.0357459411025047,0
24727,3,0,3,0.0106646688655018,0
24727,4,0,4,0.0034188579302281,0
24727,5,0,5,0.0013924092054367,0
24727,6,0,6,0.0052057886496186,0
24727,7,0,7,0.0166675094515085,0
24727,8,0,8,0.0101184695959091,0
24727,9,0,9,0.0025468440726399,0
24727,10,0,10,0.0043943719938397,0
24727,11,0,11,0.0018535268027335,0
24727,12,0,12,0.0404539704322814,0
24727,13,0,13,0.0482773855328559,0
24727,14,0,14,0.0404539704322814,0
24727,15,0,15,0.0018535268027335,0
24727,16,0,16,0.0166675094515085,0
24727,17,0,17,0.0052057886496186,0
24727,18,0,18,0.0013534731697291,0
24727,19,0,19,0.0009052355890162,0
24727,20,0,20,0.0009052355890162,0
24727,21,0,21,0.0011223877081647,0
24727,22,0,22,0.0013591257156804,0
24727,23,0,23,0.01584467664361,0
24727,24,0,24,0.0690595358610153,0
24727,25,0,25,0.0345869027078151,0
24727,26,0,26,0.0677027627825737,0
24727,27,0,27,0.0168615840375423,0
24727,28,0,28,0.0106773860752582,0
24727,29,0,29,0.0075353109277784,0
24727,30,0,30,0.001137136365287,0
24727,31,0,31,0.0106773860752582,0
24727,32,0,32,0.0168615840375423,0
24727,33,0,33,0.01584467664361,0
24727,34,0,34,0.0013591257156804,0
24848,1,0,1,0.0223141778260469,0
24848,2,0,2,0.0063243713229894,0
24848,3,0,3,0.0010603872360661,0
24848,4,0,4,0.0009036262636072,0
24848,5,0,5,0.0018397105159237,0
24848,6,0,6,0.0291671641170978,0
24848,7,0,7,0.0433334484696388,0
24848,8,0,8,0.0160981528460979,0
24848,9,0,9,0.0414161048829555,0
24848,10,0,10,0.0293075516819953,0
24848,11,0,11,0.001649672165513,0
24848,12,0,12,0.0819716826081276,0
24848,13,0,13,0.2416551411151886,0
24848,14,1,14,0.9698903560638428,1
24848,15,0,15,0.0684515163302421,0
24848,16,0,16,0.001266426872462,0
24848,17,0,17,0.0011251420946791,0
24848,18,0,18,0.0015661580255255,0
24848,19,0,19,0.0113224135711789,0
24848,20,0,20,0.0129067609086632,0
24848,21,0,21,0.0129989990964531,0
24848,22,0,22,0.0069939754903316,0
24848,23,0,23,0.0066249789670109,0
24848,24,0,24,0.0008308375254273,0
24848,25,0,25,0.0069939754903316,0
24848,26,0,26,0.0129989990964531,0
24848,27,0,27,0.0061567518860101,0
24848,28,0,28,0.0244149453938007,0
24848,29,0,29,0.0143233044072985,0
24848,30,0,30,0.0243212264031171,0
24848,31,0,31,0.024602310732007,0
24848,32,0,32,0.068110391497612,0
24848,33,0,33,0.0128373382613062,0
24848,34,0,34,0.048137754201889,0
24848,35,0,35,0.0433491542935371,0
24848,36,0,36,0.009262747131288,0
24848,37,0,37,0.0085291797295212,0
24848,38,1,38,0.991350531578064,1
24848,39,0,39,0.9671478271484376,1
24848,40,1,40,0.9671478271484376,1
25215,1,0,1,0.0036038872785866,0
25215,2,0,2,0.002405761508271,0
25215,3,0,3,0.0035414129961282,0
25215,4,0,4,0.0035856836475431,0
25215,5,0,5,0.001213404117152,0
25215,6,0,6,0.0032315612770617,0
25215,7,0,7,0.0021688237320631,0
25215,8,0,8,0.0011619261931627,0
25215,9,0,9,0.0017680975142866,0
25215,10,0,10,0.0018880481366068,0
25215,11,0,11,0.0063473307527601,0
25215,12,0,12,0.0078697865828871,0
25215,13,0,13,0.001763361506164,0
25215,14,0,14,0.0013933695154264,0
25215,15,0,15,0.0033926842734217,0
25215,16,0,16,0.0082422429695725,0
25215,17,1,17,0.9651141166687012,1
25215,18,1,18,0.9691911339759828,1
25215,19,0,19,0.001381532405503,0
25215,20,0,20,0.3589598536491394,0
25215,21,0,21,0.0120481997728347,0
25215,22,0,22,0.0770377144217491,0
25215,23,0,23,0.0813412442803382,0
25215,24,0,24,0.0670861080288887,0
25215,25,0,25,0.0305882431566715,0
25215,26,0,26,0.0481650531291961,0
25215,27,0,27,0.0481650531291961,0
25215,28,0,28,0.0307428389787673,0
25215,29,0,29,0.0510599128901958,0
25215,30,0,30,0.0317452177405357,0
25215,31,0,31,0.0046213972382247,0
25215,32,0,32,0.0031442660838365,0
25215,33,0,33,0.0011066594161093,0
25215,34,0,34,0.0011066594161093,0
25215,35,0,35,0.0011066594161093,0
26711,1,1,1,0.8637481331825256,1
26711,2,1,2,0.922305166721344,1
26711,3,0,3,0.8637481331825256,1
26711,4,0,4,0.0866972133517265,0
26711,5,0,5,0.0180813912302255,0
26711,6,0,6,0.0212244894355535,0
26711,7,0,7,0.1426155418157577,0
26711,8,0,8,0.0569248050451278,0
26711,9,0,9,0.1271862238645553,0
26711,10,0,10,0.0016993305180221,0
26711,11,0,11,0.0085838949307799,0
26711,12,0,12,0.0086516831070184,0
26711,13,0,13,0.0024616110604256,0
26711,14,0,14,0.0034919490572065,0
26711,15,0,15,0.0015505340415984,0
26711,16,0,16,0.001438554492779,0
26711,17,0,17,0.0025925361551344,0
26711,18,0,18,0.0261725783348083,0
26711,19,0,19,0.0483274087309837,0
26711,20,0,20,0.0485170856118202,0
26711,21,0,21,0.027130302041769,0
26711,22,0,22,0.0086465971544384,0
26711,23,1,23,0.98288756608963,1
26711,24,0,24,0.9019097089767456,1
26711,25,1,25,0.9019097089767456,1
2736,1,0,1,0.0231867153197526,0
2736,2,0,2,0.2716240584850311,0
2736,3,1,3,0.6805902719497681,1
2736,4,0,4,0.7143867015838623,1
2736,5,1,5,0.8267523646354675,1
2736,6,0,6,0.715885579586029,1
2736,7,0,7,0.0910125821828842,0
2736,8,0,8,0.0485595650970935,0
2736,9,0,9,0.0269400514662265,0
2736,10,0,10,0.020641827955842,0
2736,11,0,11,0.0485595650970935,0
2736,12,0,12,0.026940057054162,0
2736,13,0,13,0.0910125821828842,0
2736,14,1,14,0.8292954564094543,1
2736,15,0,15,0.7567023038864136,1
2736,16,1,16,0.7567023038864136,1
2736,17,0,17,0.0027775813359767,0
2736,18,0,18,0.0020486270077526,0
2736,19,0,19,0.039562065154314,0
2736,20,0,20,0.0483242273330688,0
2736,21,0,21,0.039562065154314,0
2736,22,0,22,0.0020486270077526,0
2736,23,0,23,0.0027775813359767,0
2736,24,0,24,0.0020486270077526,0
2736,25,0,25,0.039562065154314,0
2736,26,0,26,0.0483242273330688,0
2736,27,0,27,0.039562065154314,0
2736,28,0,28,0.0020486270077526,0
2767,1,0,1,0.0075619993731379,0
2767,2,0,2,0.0017895228229463,0
2767,3,0,3,0.0075619993731379,0
2767,4,0,4,0.0075619993731379,0
2767,5,0,5,0.0057714651338756,0
2767,6,0,6,0.0013313585659489,0
2767,7,0,7,0.0011846302077174,0
2767,8,0,8,0.0040800361894071,0
2767,9,0,9,0.0032125073485076,0
2767,10,0,10,0.0077565419487655,0
2767,11,0,11,0.0218789614737033,0
2767,12,0,12,0.0091292075812816,0
2767,13,0,13,0.0106292832642793,0
2767,14,0,14,0.0019816914573311,0
2767,15,0,15,0.002664990723133,0
2767,16,0,16,0.0009714488405734,0
2767,17,0,17,0.0035638667177408,0
2767,18,1,18,0.8809798955917358,1
2767,19,1,19,0.9782061576843262,1
2767,20,0,20,0.8987390995025635,1
2767,21,1,21,0.8987390995025635,1
2767,22,0,22,0.000797503220383,0
2767,23,0,23,0.0038842589128762,0
2767,24,0,24,0.0009915871778503,0
2767,25,0,25,0.002289475640282,0
2767,26,0,26,0.0011529064504429,0
2767,27,0,27,0.0010758542921394,0
2767,28,0,28,0.0008885039133019,0
2767,29,0,29,0.0008885039133019,0
2767,30,0,30,0.0008538914844393,0
2767,31,0,31,0.0025489644613116,0
2767,32,0,32,0.0065238778479397,0
2767,33,0,33,0.0091460505500435,0
2767,34,0,34,0.0032235304825007,0
2767,35,0,35,0.0037687891162931,0
2767,36,0,36,0.0010812331456691,0
2767,37,0,37,0.0112826786935329,0
2767,38,0,38,0.005725996568799,0
2767,39,0,39,0.005725996568799,0
2767,40,0,40,0.0014281566254794,0
27702,1,0,1,0.8869909048080444,1
27702,2,0,2,0.914954960346222,1
27702,3,1,3,0.9831365942955016,1
27702,4,0,4,0.901203751564026,1
27702,5,1,5,0.901203751564026,1
27702,6,0,6,0.0077747921459376,0
27702,7,0,7,0.001921547926031,0
27702,8,0,8,0.0020759019535034,0
27702,9,0,9,0.014388920739293,0
27702,10,0,10,0.4664452970027923,0
27702,11,0,11,0.8380835652351379,1
27702,12,0,12,0.873685359954834,1
27702,13,0,13,0.6402695178985596,1
27702,14,0,14,0.8837383389472961,1
27702,15,0,15,0.0456884801387786,0
27702,16,0,16,0.0750043764710426,0
27702,17,0,17,0.0020759019535034,0
27702,18,0,18,0.001921547926031,0
2778,1,1,1,0.9683941602706908,1
2778,2,1,2,0.9719884395599364,1
2778,3,0,3,0.5017669796943665,1
2778,4,0,4,0.0471043474972248,0
2778,5,0,5,0.0014469450106844,0
2778,6,0,6,0.0009901582961902,0
2778,7,0,7,0.0017200075089931,0
2778,8,0,8,0.0011286782100796,0
2778,9,0,9,0.0011286782100796,0
2778,10,1,10,0.9594867825508118,1
2778,11,1,11,0.9475030303001404,1
2778,12,0,12,0.0128175150603055,0
2778,13,0,13,0.002495547523722,0
2778,14,0,14,0.0043551311828196,0
2778,15,0,15,0.0014749215915799,0
2778,16,0,16,0.0043551311828196,0
2778,17,0,17,0.002495547523722,0
2778,18,0,18,0.0008627286297269,0
2778,19,0,19,0.0035766507498919,0
2778,20,0,20,0.0027953307144343,0
2780,1,0,1,0.0122930835932493,0
2780,2,0,2,0.0214110631495714,0
2780,3,0,3,0.0091661447659134,0
2780,4,0,4,0.0066843954846262,0
2780,5,0,5,0.002065879991278,0
2780,6,0,6,0.0011097561800852,0
2780,7,0,7,0.0018850887427106,0
2780,8,0,8,0.0012961784377694,0
2780,9,0,9,0.0011098630493506,0
2780,10,0,10,0.0086381081491708,0
2780,11,0,11,0.0030851922929286,0
2780,12,0,12,0.0033909450285136,0
2780,13,0,13,0.0088976062834262,0
2780,14,0,14,0.0046245087869465,0
2780,15,0,15,0.0046245087869465,0
2780,16,0,16,0.0057800435461103,0
2780,17,0,17,0.0134509457275271,0
2780,18,0,18,0.0440521128475666,0
2780,19,0,19,0.0467087998986244,0
2780,20,0,20,0.0176675710827112,0
2780,21,0,21,0.0058811996132135,0
2780,22,0,22,0.0028124977834522,0
2780,23,0,23,0.0028381189331412,0
2780,24,0,24,0.0043088840320706,0
2780,25,0,25,0.0037543133366853,0
2780,26,0,26,0.0043088840320706,0
2780,27,0,27,0.0028381189331412,0
2780,28,0,28,0.0012958851875737,0
2780,29,0,29,0.0076390788890421,0
2780,30,0,30,0.0128156030550599,0
2780,31,1,31,0.9913597702980042,1
2780,32,1,32,0.9671391248703004,1
2780,33,1,33,0.9671391248703004,1
28263,1,1,1,0.9007781147956848,1
28263,2,1,2,0.9772881865501404,1
28263,3,0,3,0.9007781147956848,1
28263,4,0,4,0.7610167264938354,1
28263,5,0,5,0.2007255256175995,0
28263,6,0,6,0.0013372435932978,0
28263,7,0,7,0.001785225700587,0
28263,8,0,8,0.0036467264872044,0
28263,9,0,9,0.0018661629874259,0
28263,10,0,10,0.0009683241369202,0
28263,11,0,11,0.0025490142870694,0
28263,12,0,12,0.0063897888176143,0
28263,13,0,13,0.0077015333808958,0
28263,14,0,14,0.0256447438150644,0
28263,15,0,15,0.047428909689188,0
28263,16,0,16,0.0449945144355297,0
28263,17,0,17,0.0064410553313791,0
28263,18,0,18,0.0017915368080139,0
28263,19,0,19,0.0010358385043218,0
28263,20,0,20,0.0024092956446111,0
28263,21,0,21,0.0010751473018899,0
28263,22,0,22,0.0010751473018899,0
28263,23,0,23,0.001209822949022,0
28263,24,0,24,0.0030559843871742,0
28263,25,0,25,0.005100805312395,0
28263,26,0,26,0.0065503832884132,0
28263,27,0,27,0.0008273527491837,0
28263,28,0,28,0.005100805312395,0
28263,29,0,29,0.0030559843871742,0
28338,1,1,1,0.9685745239257812,1
28338,2,1,2,0.9913640022277832,1
28338,3,1,3,0.9685745239257812,1
28338,4,0,4,0.0089446436613798,0
28338,5,0,5,0.0039844000712037,0
28338,6,0,6,0.0014641728485003,0
28338,7,0,7,0.0013545673573389,0
28338,8,0,8,0.0014641728485003,0
28338,9,0,9,0.0039844000712037,0
28338,10,0,10,0.0015971092507243,0
28338,11,0,11,0.0022887035738676,0
28338,12,0,12,0.0022887035738676,0
28338,13,0,13,0.0035341058392077,0
28338,14,0,14,0.0014091106131672,0
28338,15,0,15,0.001186003210023,0
28338,16,0,16,0.0048187696374952,0
28338,17,0,17,0.0068202200345695,0
28338,18,0,18,0.0334465131163597,0
28338,19,0,19,0.0171281229704618,0
28338,20,0,20,0.0057573416270315,0
28338,21,0,21,0.0066724447533488,0
28338,22,0,22,0.0017019987571984,0
28338,23,0,23,0.0011981461429968,0
28338,24,0,24,0.0016778573626652,0
28338,25,0,25,0.001360437599942,0
28338,26,0,26,0.0015314106130972,0
28338,27,0,27,0.00122452666983,0
28338,28,0,28,0.0009929479565471,0
28338,29,0,29,0.00122452666983,0
28338,30,0,30,0.0015314106130972,0
28338,31,0,31,0.0020733312703669,0
28338,32,0,32,0.0008555389940738,0
28338,33,0,33,0.0008555389940738,0
28338,34,0,34,0.0008555389940738,0
28338,35,0,35,0.0017191577935591,0
28493,1,0,1,0.0025519437622278,0
28493,2,0,2,0.0025607417337596,0
28493,3,0,3,0.0025519437622278,0
28493,4,0,4,0.0019760562572628,0
28493,5,0,5,0.0034987786784768,0
28493,6,0,6,0.012944052927196,0
28493,7,0,7,0.0426874011754989,0
28493,8,0,8,0.0094294100999832,0
28493,9,0,9,0.7294012904167175,1
28493,10,0,10,0.0026050084270536,0
28493,11,0,11,0.0018258717609569,0
28493,12,0,12,0.0018900405848398,0
28493,13,0,13,0.0409129932522773,0
28493,14,0,14,0.048294149339199,0
28493,15,0,15,0.0409129932522773,0
28493,16,0,16,0.0018900405848398,0
28493,17,0,17,0.0053787534125149,0
28493,18,0,18,0.0180618893355131,0
28493,19,0,19,0.6023301482200623,1
28493,20,0,20,0.0082582468166947,0
28493,21,0,21,0.0126071767881512,0
28493,22,1,22,0.965174436569214,1
28493,23,1,23,0.9691895842552184,1
28493,24,0,24,0.0284938048571348,0
28493,25,0,25,0.01056460570544,0
29360,1,0,1,0.0222148708999156,0
29360,2,0,2,0.0117694372311234,0
29360,3,0,3,0.0051383287645876,0
29360,4,0,4,0.0194745119661092,0
29360,5,0,5,0.002338733524084,0
29360,6,0,6,0.0236719865351915,0
29360,7,0,7,0.3885153532028198,0
29360,8,0,8,0.7713174819946289,1
29360,9,1,9,0.976184904575348,1
29360,10,0,10,0.9001809358596802,1
29360,11,1,11,0.9001809358596802,1
29360,12,0,12,0.0108218528330326,0
29360,13,1,13,0.9911836385726928,1
29360,14,0,14,0.9663119316101074,1
29360,15,1,15,0.9663119316101074,1
29360,16,0,16,0.0748248398303985,0
29360,17,0,17,0.0103536313399672,0
2948,1,1,1,0.8867776393890381,1
2948,2,1,2,0.915441393852234,1
2948,3,1,3,0.9831444025039672,1
2948,4,0,4,0.901232361793518,1
2948,5,1,5,0.901232361793518,1
2948,6,0,6,0.0091641824692487,0
2948,7,0,7,0.0022570407018065,0
2948,8,0,8,0.008500694297254,0
2948,9,0,9,0.0054122102446854,0
2948,10,0,10,0.0027817422524094,0
2948,11,0,11,0.001554945949465,0
2948,12,0,12,0.0025412656832486,0
2948,13,0,13,0.0028513243887573,0
2948,14,0,14,0.0192054994404315,0
2948,15,0,15,0.0236953496932983,0
2948,16,0,16,0.0075518460944294,0
2948,17,0,17,0.0011547001777216,0
2948,18,0,18,0.0070448471233248,0
2948,19,0,19,0.005229374859482,0
29508,1,0,1,0.0023386212997138,0
29508,2,0,2,0.0012322394177317,0
29508,3,0,3,0.0010744121391326,0
29508,4,0,4,0.0074403961189091,0
29508,5,0,5,0.0016036815941333,0
29508,6,0,6,0.0028004900086671,0
29508,7,0,7,0.00211011338979,0
29508,8,0,8,0.0021407562308013,0
29508,9,0,9,0.02011539041996,0
29508,10,0,10,0.0254869237542152,0
29508,11,0,11,0.0070587769150733,0
29508,12,0,12,0.0273600127547979,0
29508,13,0,13,0.5886290669441223,1
29508,14,0,14,0.0917743071913719,0
29508,15,1,15,0.9879615902900696,1
29508,16,0,16,0.4507304728031158,0
29508,17,0,17,0.0015085858758538,0
29718,1,0,1,0.1932486742734909,0
29718,2,0,2,0.1030556336045265,0
29718,3,0,3,0.1491045951843261,0
29718,4,0,4,0.2096512168645858,0
29718,5,1,5,0.9865655303001404,1
29718,6,0,6,0.245882898569107,0
29718,7,0,7,0.0668031647801399,0
29718,8,0,8,0.0212874859571456,0
29718,9,0,9,0.0365638732910156,0
29718,10,0,10,0.0033407707232981,0
29718,11,0,11,0.0011949018808081,0
29718,12,0,12,0.0013364122714847,0
29718,13,0,13,0.179374024271965,0
29718,14,0,14,0.2277106493711471,0
29718,15,0,15,0.9618264436721802,1
29718,16,0,16,0.0043478943407535,0
29718,17,0,17,0.0125193633139133,0
29718,18,0,18,0.0435676649212837,0
29718,19,0,19,0.0479239746928215,0
29718,20,0,20,0.0435676649212837,0
29718,21,0,21,0.0125193633139133,0
30482,1,0,1,0.0405040383338928,0
30482,2,0,2,0.023261385038495,0
30482,3,0,3,0.0206240657716989,0
30482,4,0,4,0.0163631215691566,0
30482,5,0,5,0.0109115149825811,0
30482,6,0,6,0.0180416703224182,0
30482,7,0,7,0.0192693676799535,0
30482,8,0,8,0.0222652480006217,0
30482,9,0,9,0.0025553142186254,0
30482,10,0,10,0.0057827159762382,0
30482,11,0,11,0.0065444065257906,0
30482,12,0,12,0.0112409982830286,0
30482,13,0,13,0.0025703497231006,0
30482,14,0,14,0.0040241675451397,0
30482,15,0,15,0.0061900559812784,0
30482,16,0,16,0.0034490297548472,0
30482,17,0,17,0.0050473459996283,0
30482,18,0,18,0.0012127819936722,0
30482,19,1,19,0.9913148283958436,1
30482,20,1,20,0.9670088291168212,1
30482,21,1,21,0.9670088291168212,1
30482,22,0,22,0.0024640522897243,0
30482,23,0,23,0.0056101214140653,0
30482,24,0,24,0.0056101214140653,0
30995,1,0,1,0.9886869192123412,1
30995,2,0,2,0.0864912122488021,0
30995,3,0,3,0.6268822550773621,1
30995,4,0,4,0.0267958734184503,0
30995,5,0,5,0.0155701264739036,0
30995,6,0,6,0.0267958734184503,0
30995,7,0,7,0.6268822550773621,1
30995,8,0,8,0.1825499087572097,0
30995,9,0,9,0.2437306344509124,0
30995,10,0,10,0.294361799955368,0
30995,11,0,11,0.2306341081857681,0
30995,12,0,12,0.2173591554164886,0
30995,13,0,13,0.2560774385929107,0
30995,14,0,14,0.9684373140335084,1
30995,15,0,15,0.1359277069568634,0
30995,16,0,16,0.2539365887641907,0
30995,17,1,17,0.9680672883987428,1
30995,18,0,18,0.2055343836545944,0
30995,19,0,19,0.2506572306156158,0
30995,20,0,20,0.219015970826149,0
30995,21,0,21,0.1784320175647735,0
30995,22,0,22,0.023313770070672,0
30995,23,0,23,0.017552001401782,0
30995,24,0,24,0.027519742026925,0
30995,25,0,25,0.1436495631933212,0
30995,26,0,26,0.2134355455636978,0
30995,27,1,27,0.9784435033798218,1
30995,28,0,28,0.0593758448958396,0
30995,29,0,29,0.248553529381752,0
30995,30,0,30,0.2912213802337646,0
30995,31,0,31,0.2306340485811233,0
30995,32,0,32,0.1467285603284835,0
30995,33,0,33,0.2468376606702804,0
30995,34,0,34,0.968791961669922,1
30995,35,0,35,0.463128000497818,0
30995,36,0,36,0.1139264777302742,0
30995,37,0,37,0.9870864152908324,1
30995,38,0,38,0.4814988374710083,0
30995,39,0,39,0.101010113954544,0
30995,40,0,40,0.0179209038615226,0
31263,1,1,1,0.8988996744155884,1
31263,2,1,2,0.9791863560676576,1
31263,3,1,3,0.8988996744155884,1
31263,4,1,4,0.8704683780670166,1
31263,5,0,5,0.0284953285008668,0
31263,6,0,6,0.001705385511741,0
31263,7,0,7,0.0048607192002236,0
31263,8,0,8,0.0061375247314572,0
31263,9,0,9,0.0017069401219487,0
31263,10,0,10,0.0022508853580802,0
31263,11,0,11,0.0029231035150587,0
31263,12,0,12,0.0085482178255915,0
31263,13,0,13,0.0063324915245175,0
31263,14,0,14,0.0100463302806019,0
31263,15,0,15,0.0116811022162437,0
31263,16,0,16,0.0022080054040998,0
31263,17,0,17,0.0012025090400129,0
31263,18,0,18,0.0017361656064167,0
31263,19,0,19,0.0052332011982798,0
31263,20,0,20,0.001555674476549,0
31263,21,0,21,0.0139486528933048,0
31263,22,0,22,0.004983156453818,0
31263,23,0,23,0.0134203666821122,0
31263,24,0,24,0.0134203666821122,0
31263,25,0,25,0.004983156453818,0
31263,26,0,26,0.0009219469502568,0
31263,27,0,27,0.0010433436837047,0
31263,28,0,28,0.0021565989591181,0
31263,29,0,29,0.0008532871142961,0
31263,30,0,30,0.0008532871142961,0
31263,31,0,31,0.0008532871142961,0
31263,32,0,32,0.0038635490927845,0
31263,33,0,33,0.0057345405220985,0
31642,1,0,1,0.0106314197182655,0
31642,2,0,2,0.022377697750926,0
31642,3,0,3,0.0120311835780739,0
31642,4,0,4,0.0258992500603199,0
31642,5,0,5,0.0185441859066486,0
31642,6,0,6,0.0242097899317741,0
31642,7,0,7,0.011962890625,0
31642,8,0,8,0.717061460018158,1
31642,9,0,9,0.041910134255886,0
31642,10,0,10,0.0296902097761631,0
31642,11,0,11,0.0214750450104475,0
31642,12,0,12,0.0102514559403061,0
31642,13,0,13,0.0221439190208911,0
31642,14,0,14,0.0078725349158048,0
31642,15,0,15,0.0221439190208911,0
31642,16,0,16,0.0102514559403061,0
31642,17,0,17,0.0130416853353381,0
31642,18,0,18,0.0238912776112556,0
31642,19,1,19,0.6268814206123352,1
31642,20,0,20,0.0864912122488021,0
31642,21,1,21,0.9886869192123412,1
31642,22,1,22,0.6268814206123352,1
31642,23,0,23,0.0238912776112556,0
31920,1,0,1,0.0015310242306441,0
31920,2,0,2,0.0020037612412124,0
31920,3,0,3,0.0015310242306441,0
31920,4,0,4,0.0016933267470449,0
31920,5,0,5,0.0023647940251976,0
31920,6,0,6,0.0030933320522308,0
31920,7,0,7,0.0046319114044308,0
31920,8,0,8,0.0102316439151763,0
31920,9,0,9,0.0184016171842813,0
31920,10,0,10,0.0280170124024152,0
31920,11,0,11,0.006589965429157,0
31920,12,0,12,0.001903329975903,0
31920,13,0,13,0.0019053092692047,0
31920,14,0,14,0.0012571919942274,0
31920,15,0,15,0.0335772633552551,0
31920,16,0,16,0.0042070033960044,0
31920,17,0,17,0.0143672367557883,0
31920,18,0,18,0.0080053647980093,0
31920,19,0,19,0.0279967542737722,0
31920,20,1,20,0.9914506077766418,1
31920,21,1,21,0.9686698317527772,1
31920,22,1,22,0.9686698317527772,1
33609,1,0,1,0.0129097616299986,0
33609,2,0,2,0.0302189663052558,0
33609,3,0,3,0.0060630138032138,0
33609,4,0,4,0.0106733860448002,0
33609,5,0,5,0.0076699675992131,0
33609,6,0,6,0.0133685758337378,0
33609,7,1,7,0.9687173366546632,1
33609,8,1,8,0.9729137420654296,1
33609,9,0,9,0.0079494062811136,0
33609,10,0,10,0.0285729113966226,0
33609,11,0,11,0.0126158166676759,0
33841,1,1,1,0.9878828525543212,1
33841,2,0,2,0.0871061012148857,0
33841,3,0,3,0.5291042327880859,1
33841,4,0,4,0.0518090762197971,0
33841,5,0,5,0.0276733674108982,0
33841,6,0,6,0.0045100711286067,0
33841,7,0,7,0.4347988963127136,0
33841,8,0,8,0.0015785152791067,0
33841,9,0,9,0.0040210569277405,0
33841,10,0,10,0.0026771938428282,0
33841,11,0,11,0.0031998041085898,0
33841,12,0,12,0.0053912703879177,0
33841,13,0,13,0.0012799480464309,0
33841,14,0,14,0.0027547676581889,0
33841,15,0,15,0.0071924398653209,0
33841,16,0,16,0.0075961505062878,0
33841,17,0,17,0.0065226200968027,0
33841,18,0,18,0.0008263914496637,0
33841,19,0,19,0.0075961505062878,0
33841,20,0,20,0.0071924398653209,0
33884,1,1,1,0.899931788444519,1
33884,2,1,2,0.9769598245620728,1
33884,3,1,3,0.899931788444519,1
33884,4,1,4,0.8593689799308777,1
33884,5,0,5,0.3031632304191589,0
33884,6,0,6,0.0051515325903892,0
33884,7,0,7,0.0025815253611654,0
33884,8,0,8,0.0357741229236125,0
33884,9,0,9,0.0479673035442829,0
33884,10,0,10,0.0357741229236125,0
33884,11,0,11,0.0025815253611654,0
33884,12,0,12,0.0038096031639724,0
33884,13,0,13,0.0024386562872678,0
33884,14,0,14,0.0125066433101892,0
33884,15,0,15,0.0098258098587393,0
33884,16,0,16,0.0038299483712762,0
33884,17,0,17,0.0160414408892393,0
33884,18,0,18,0.0243255384266376,0
33884,19,0,19,0.0305794700980186,0
33884,20,0,20,0.0059199854731559,0
33884,21,0,21,0.0094674555584788,0
33884,22,0,22,0.0055478094145655,0
33884,23,0,23,0.0152574032545089,0
33884,24,0,24,0.0084430556744337,0
33884,25,0,25,0.0289341174066066,0
33884,26,0,26,0.0352650694549083,0
33884,27,0,27,0.0463310815393924,0
33884,28,0,28,0.429063081741333,0
33884,29,0,29,0.0104305567219853,0
33884,30,0,30,0.0041222241707146,0
33884,31,0,31,0.0051685054786503,0
33884,32,0,32,0.0067287231795489,0
33884,33,0,33,0.0035328886006027,0
34617,1,0,1,0.0214671045541763,0
34617,2,1,2,0.9317097663879396,1
34617,3,1,3,0.9258771538734436,1
34617,4,0,4,0.0062141236849129,0
34617,5,0,5,0.0012585188960656,0
34617,6,0,6,0.0014988604234531,0
34617,7,0,7,0.0012952387332916,0
34617,8,0,8,0.0014988604234531,0
34617,9,0,9,0.0012585188960656,0
34617,10,0,10,0.0014355956809595,0
34617,11,0,11,0.0011467169970273,0
34617,12,0,12,0.0011467169970273,0
34617,13,0,13,0.0010685388697311,0
34617,14,0,14,0.0035484014078974,0
34617,15,0,15,0.0024462509900331,0
34617,16,0,16,0.0037739987019449,0
34617,17,0,17,0.0010671818163245,0
34617,18,0,18,0.0039376281201839,0
34617,19,0,19,0.0010863717179745,0
34617,20,0,20,0.0014900946989655,0
34617,21,0,21,0.0014889409067109,0
34617,22,0,22,0.0019374885596334,0
34617,23,0,23,0.0008664357592351,0
34617,24,0,24,0.0008664357592351,0
34617,25,0,25,0.0008664357592351,0
347,1,0,1,0.0480474680662155,0
347,2,0,2,0.0230441726744174,0
347,3,0,3,0.568930447101593,1
347,4,0,4,0.0054017892107367,0
347,5,0,5,0.0120863830670714,0
347,6,0,6,0.0062958626076579,0
347,7,0,7,0.0073082940652966,0
347,8,0,8,0.0081044062972068,0
347,9,0,9,0.005552991759032,0
347,10,0,10,0.0105232903733849,0
347,11,0,11,0.1503526121377945,0
347,12,0,12,0.1415875256061554,0
347,13,0,13,0.0793177187442779,0
347,14,0,14,0.044032335281372,0
347,15,0,15,0.0090901255607604,0
347,16,0,16,0.0083401231095194,0
347,17,0,17,0.001203422434628,0
347,18,0,18,0.0130509436130523,0
347,19,0,19,0.0250970441848039,0
347,20,0,20,0.0078990291804075,0
347,21,0,21,0.0220897085964679,0
347,22,0,22,0.2143071144819259,0
347,23,1,23,0.956710398197174,1
34791,1,1,1,0.0123744048178195,0
34791,2,1,2,0.0052726361900568,0
34791,3,0,3,0.0063637755811214,0
34791,4,0,4,0.0039097452536225,0
34791,5,0,5,0.0014033566694706,0
34791,6,1,6,0.0010344814509153,0
34791,7,0,7,0.0014033566694706,0
34791,8,0,8,0.0039097452536225,0
34791,9,1,9,0.0010462522041052,0
34791,10,0,10,0.0009028177009895,0
34791,11,0,11,0.0009028177009895,0
34791,12,0,12,0.0010223155841231,0
34791,13,0,13,0.0021672938019037,0
34791,14,0,14,0.02396129257977,0
34791,15,0,15,0.0580468513071537,0
34791,16,0,16,0.1439429670572281,0
34791,17,0,17,0.0719232633709907,0
34791,18,0,18,0.0081923017278313,0
34791,19,1,19,0.0058929622173309,0
34791,20,1,20,0.0094442004337906,0
34791,21,0,21,0.0057859104126691,0
34791,22,1,22,0.608119547367096,1
34791,23,0,23,0.0818681791424751,0
34791,24,1,24,0.9886139631271362,1
34791,25,1,25,0.608119547367096,1
34791,26,0,26,0.0057859104126691,0
35023,1,1,1,0.9255332946777344,1
35023,2,1,2,0.9725898504257202,1
35023,3,1,3,0.9736812710762024,1
35023,4,1,4,0.7400262951850891,1
35023,5,0,5,0.6042082905769348,1
35023,6,0,6,0.0133585473522543,0
35023,7,0,7,0.0037130007985979,0
35023,8,0,8,0.0130123430863022,0
35023,9,0,9,0.0072083170525729,0
35023,10,0,10,0.0194131638854742,0
35023,11,0,11,0.0254832003265619,0
35023,12,0,12,0.0037130007985979,0
35023,13,0,13,0.0130123430863022,0
35023,14,0,14,0.0072083170525729,0
35023,15,0,15,0.0194131638854742,0
35023,16,0,16,0.0254832003265619,0
35329,1,1,1,0.9715096354484558,1
35329,2,1,2,0.9771714210510254,1
35329,3,0,3,0.1991840600967407,0
35329,4,0,4,0.2336464822292328,0
35329,5,0,5,0.1498045474290847,0
35329,6,1,6,0.815312385559082,1
35329,7,1,7,0.7528706789016724,1
35329,8,1,8,0.8820295333862305,1
35329,9,0,9,0.371683269739151,0
35329,10,0,10,0.057120993733406,0
35329,11,0,11,0.0201267525553703,0
35329,12,0,12,0.0469068177044391,0
35329,13,0,13,0.0486923530697822,0
35329,14,0,14,0.0265246368944644,0
35329,15,0,15,0.0066527305170893,0
35329,16,0,16,0.0067491177469491,0
35329,17,0,17,0.0080142226070165,0
35329,18,0,18,0.0174721907824277,0
35329,19,0,19,0.0315454378724098,0
35329,20,0,20,0.0023420460056513,0
35329,21,0,21,0.0010901017813012,0
35329,22,0,22,0.0011976623209193,0
35329,23,0,23,0.0020619251299649,0
35329,24,0,24,0.0008564867894165,0
35329,25,0,25,0.0008564867894165,0
35329,26,0,26,0.0008564867894165,0
36031,1,0,1,0.0158803332597017,0
36031,2,0,2,0.0299124456942081,0
36031,3,0,3,0.0072091906331479,0
36031,4,0,4,0.0361101403832435,0
36031,5,0,5,0.0417294576764106,0
36031,6,0,6,0.0046417294070124,0
36031,7,0,7,0.001216793549247,0
36031,8,0,8,0.0011044592829421,0
36031,9,0,9,0.0026483146939426,0
36031,10,0,10,0.0008124200394377,0
36031,11,0,11,0.0008124200394377,0
36031,12,0,12,0.0008629821822978,0
36031,13,0,13,0.0072091906331479,0
36031,14,0,14,0.0299124456942081,0
36031,15,0,15,0.0158803332597017,0
36031,16,0,16,0.0052950871177017,0
36031,17,0,17,0.0137602789327502,0
36031,18,0,18,0.0290491618216037,0
36031,19,0,19,0.0179444663226604,0
36031,20,0,20,0.0024902401491999,0
36031,21,0,21,0.0015160158509388,0
36031,22,0,22,0.0023600053973495,0
36031,23,0,23,0.0114880586043,0
36031,24,0,24,0.0101552102714777,0
36031,25,0,25,0.0050510903820395,0
36031,26,0,26,0.0102513553574681,0
36031,27,0,27,0.0047279270365834,0
36031,28,0,28,0.0367032624781131,0
36031,29,1,29,0.8676711320877075,1
36031,30,1,30,0.9793014526367188,1
36031,31,0,31,0.8988510966300964,1
36031,32,1,32,0.8988510966300964,1
36031,33,0,33,0.0028101170901209,0
36031,34,0,34,0.003382648108527,0
36031,35,0,35,0.0137571599334478,0
36031,36,0,36,0.0043680956587195,0
36031,37,0,37,0.0015364907449111,0
36762,1,0,1,0.0061491006053984,0
36762,2,0,2,0.0009222948574461,0
36762,3,0,3,0.0026207703631371,0
36762,4,0,4,0.0039261044003069,0
36762,5,0,5,0.0015763343544676,0
36762,6,0,6,0.0771244689822197,0
36762,7,0,7,0.3507388234138489,0
36762,8,0,8,0.9403315782546996,1
36762,9,0,9,0.1745102554559707,0
36762,10,0,10,0.3533755242824554,0
36762,11,0,11,0.1791612058877945,0
36762,12,1,12,0.984789490699768,1
36762,13,0,13,0.1306705027818679,0
36762,14,0,14,0.0448339730501174,0
36762,15,0,15,0.0322491042315959,0
36762,16,0,16,0.1234350129961967,0
36762,17,0,17,0.2394130527973175,0
36762,18,0,18,0.0479598678648471,0
36762,19,0,19,0.0029853186570107,0
36762,20,0,20,0.0032443872187286,0
36762,21,0,21,0.0320071317255497,0
36762,22,0,22,0.0480174571275711,0
36762,23,0,23,0.0320071317255497,0
36762,24,0,24,0.0032443872187286,0
36857,1,0,1,0.0075993607752025,0
36857,2,0,2,0.0026050554588437,0
36857,3,0,3,0.0020444442052394,0
36857,4,0,4,0.0343249104917049,0
36857,5,0,5,0.1520830392837524,0
36857,6,0,6,0.0738895982503891,0
36857,7,0,7,0.0316320545971393,0
36857,8,0,8,0.0012880958383902,0
36857,9,0,9,0.0025824243202805,0
36857,10,0,10,0.0076003144495189,0
36857,11,0,11,0.0019203266128897,0
36857,12,0,12,0.0042664818465709,0
36857,13,0,13,0.0014842614764347,0
36857,14,0,14,0.0025564848911017,0
36857,15,0,15,0.0972887799143791,0
36857,16,0,16,0.16458560526371,0
36857,17,0,17,0.0862132310867309,0
36857,18,0,18,0.0017858536448329,0
36857,19,0,19,0.0008675576536916,0
36857,20,0,20,0.0007621769909746,0
36857,21,0,21,0.0008647668291814,0
36857,22,0,22,0.098435953259468,0
36857,23,0,23,0.7588952779769897,1
36857,24,1,24,0.976182222366333,1
36857,25,0,25,0.9004368185997009,1
36857,26,1,26,0.9004368185997009,1
36857,27,0,27,0.0007621769909746,0
36857,28,0,28,0.0008675576536916,0
36857,29,0,29,0.0007621769909746,0
36857,30,0,30,0.0008675576536916,0
37207,1,1,1,0.9877891540527344,1
37207,2,0,2,0.0936451703310012,0
37207,3,0,3,0.5307021141052246,1
37207,4,0,4,0.0422109961509704,0
37207,5,0,5,0.030187003314495,0
37207,6,0,6,0.019846124574542,0
37207,7,0,7,0.4334520399570465,0
37207,8,0,8,0.0156153980642557,0
37207,9,0,9,0.0107422806322574,0
37207,10,0,10,0.0092952158302068,0
37207,11,0,11,0.0069291987456381,0
37207,12,0,12,0.006567798089236,0
37207,13,0,13,0.0035763308405876,0
37207,14,0,14,0.0037839761935174,0
37207,15,0,15,0.0208644848316907,0
37207,16,0,16,0.0056537021882832,0
37207,17,0,17,0.008081859908998,0
37207,18,0,18,0.1589041203260421,0
37207,19,0,19,0.1819698065519333,0
37207,20,0,20,0.0773917287588119,0
37207,21,0,21,0.1819698065519333,0
37207,22,0,22,0.1589041203260421,0
37207,23,0,23,0.0023637872654944,0
37207,24,0,24,0.0011926378356292,0
37207,25,0,25,0.00184917752631,0
37207,26,0,26,0.0015468135243281,0
37207,27,0,27,0.00184917752631,0
37207,28,0,28,0.0011926378356292,0
38191,1,0,1,0.001296600094065,0
38191,2,0,2,0.0023142518475651,0
38191,3,0,3,0.0009203473455272,0
38191,4,0,4,0.0009203473455272,0
38191,5,0,5,0.0010192604968324,0
38191,6,0,6,0.0024471890646964,0
38191,7,0,7,0.0096787773072719,0
38191,8,0,8,0.015972314402461,0
38191,9,0,9,0.0013937749899923,0
38191,10,0,10,0.0032628604676574,0
38191,11,0,11,0.9683201909065248,1
38191,12,0,12,0.9731515049934388,1
38191,13,0,13,0.0178427789360284,0
38191,14,0,14,0.0032440603245049,0
38191,15,0,15,0.001095087849535,0
38191,16,0,16,0.0021323356777429,0
38191,17,0,17,0.0162560269236564,0
38191,18,0,18,0.0192959364503622,0
38191,19,0,19,0.0371199324727058,0
38191,20,0,20,0.6268816590309143,1
38191,21,0,21,0.0864912122488021,0
38191,22,1,22,0.9886869192123412,1
38191,23,0,23,0.6268816590309143,1
38191,24,0,24,0.0371199324727058,0
38191,25,0,25,0.0020282238256186,0
38191,26,0,26,0.0008420531521551,0
38191,27,0,27,0.0008420531521551,0
38191,28,0,28,0.0008420531521551,0
38227,1,1,1,0.9199739694595336,1
38227,2,1,2,0.9784940481185912,1
38227,3,1,3,0.9741565585136414,1
38227,4,1,4,0.8539553284645081,1
38227,5,1,5,0.7933399081230164,1
38227,6,1,6,0.4634674191474914,0
38227,7,0,7,0.0216834098100662,0
38227,8,0,8,0.1254148632287979,0
38227,9,0,9,0.084876038134098,0
38227,10,0,10,0.1019293218851089,0
38227,11,0,11,0.0756863057613372,0
38227,12,0,12,0.073071002960205,0
38227,13,0,13,0.2107058316469192,0
38227,14,0,14,0.0144550511613488,0
38227,15,0,15,0.0045594172552227,0
38227,16,0,16,0.008120959624648,0
38227,17,0,17,0.0026162397116422,0
38227,18,0,18,0.0020773110445588,0
38227,19,0,19,0.0048337113112211,0
38227,20,0,20,0.0071477922610938,0
38227,21,0,21,0.0084120342507958,0
38227,22,0,22,0.0026236611884087,0
38227,23,0,23,0.0025196869391947,0
38227,24,0,24,0.0009172763093374,0
38227,25,0,25,0.0489735901355743,0
38227,26,0,26,0.0186431799083948,0
38227,27,0,27,0.0170756708830595,0
39226,1,0,1,0.0153807373717427,0
39226,2,0,2,0.0036909850314259,0
39226,3,0,3,0.0012699412181973,0
39226,4,0,4,0.0008867164724506,0
39226,5,0,5,0.001202517771162,0
39226,6,0,6,0.0007942939409986,0
39226,7,0,7,0.0013551281299442,0
39226,8,0,8,0.0014354856684803,0
39226,9,0,9,0.0165391080081462,0
39226,10,0,10,0.0401371680200099,0
39226,11,0,11,0.0691749826073646,0
39226,12,0,12,0.0013195398496463,0
39226,13,0,13,0.00076662551146,0
39226,14,0,14,0.00621241889894,0
39226,15,0,15,0.1691799461841583,0
39226,16,1,16,0.7696959972381592,1
39226,17,1,17,0.9761861562728882,1
39226,18,0,18,0.9004194140434265,1
39226,19,1,19,0.9004194140434265,1
39226,20,0,20,0.0022108783014118,0
39226,21,0,21,0.0013831120450049,0
39226,22,0,22,0.0011187200434505,0
39226,23,0,23,0.0039709494449198,0
39226,24,0,24,0.0056785685010254,0
39226,25,0,25,0.0147311054170131,0
39226,26,0,26,0.0046141864731907,0
39226,27,0,27,0.0009666953701525,0
39226,28,0,28,0.0039381543174386,0
39226,29,0,29,0.0009322046535089,0
39226,30,0,30,0.0011878082295879,0
39357,1,0,1,0.0123744048178195,0
39357,2,0,2,0.0052636498585343,0
39357,3,0,3,0.0064722537063062,0
39357,4,0,4,0.0040746089071035,0
39357,5,0,5,0.0043475348502397,0
39357,6,0,6,0.0073904735036194,0
39357,7,0,7,0.0037564700469374,0
39357,8,0,8,0.0031073847785592,0
39357,9,0,9,0.0023403628729283,0
39357,10,0,10,0.0022600064985454,0
39357,11,0,11,0.8268424868583679,1
39357,12,0,12,0.9821646213531494,1
39357,13,0,13,0.9028742909431458,1
39357,14,0,14,0.9028742909431458,1
39357,15,0,15,0.0027226810343563,0
39357,16,0,16,0.0007668768521398,0
39357,17,0,17,0.0013495351886376,0
39357,18,0,18,0.0034252617042511,0
39357,19,0,19,0.0129132866859436,0
39357,20,0,20,0.0206085015088319,0
39357,21,0,21,0.0436645187437534,0
39357,22,0,22,0.0224778521806001,0
39357,23,0,23,0.009751240722835,0
39357,24,0,24,0.0179446600377559,0
39357,25,0,25,0.0828262791037559,0
39357,26,0,26,0.0303592793643474,0
39357,27,0,27,0.0230423565953969,0
39357,28,0,28,0.0120011810213327,0
39357,29,0,29,0.0214389618486166,0
39357,30,0,30,0.0501773506402969,0
39357,31,0,31,0.6268821954727173,1
39357,32,0,32,0.0864912122488021,0
39357,33,1,33,0.9886869192123412,1
39357,34,0,34,0.6268821954727173,1
39357,35,0,35,0.0501773506402969,0
39357,36,0,36,0.0034252617042511,0
39357,37,0,37,0.0013495351886376,0
39357,38,0,38,0.0043475348502397,0
39357,39,0,39,0.0040746089071035,0
42511,1,1,1,0.96709144115448,1
42511,2,1,2,0.956474244594574,1
42511,3,0,3,0.0047151637263596,0
42511,4,0,4,0.0018652251455932,0
42511,5,0,5,0.0013526760740205,0
42511,6,0,6,0.0010559360962361,0
42511,7,0,7,0.0026449097786098,0
42511,8,0,8,0.0031844128388911,0
42511,9,0,9,0.0033426112495362,0
42511,10,0,10,0.0023519324604421,0
42511,11,0,11,0.002469515427947,0
42511,12,0,12,0.0009792695054784,0
42511,13,0,13,0.0036907626781612,0
42511,14,0,14,0.0021965925116091,0
42511,15,0,15,0.0399488508701324,0
42511,16,0,16,0.0481832399964332,0
42511,17,0,17,0.0399488508701324,0
42511,18,0,18,0.0021965925116091,0
42511,19,0,19,0.0036907626781612,0
42511,20,0,20,0.0021965925116091,0
42511,21,0,21,0.0399488508701324,0
42511,22,0,22,0.0481832399964332,0
42511,23,0,23,0.0399488508701324,0
42511,24,0,24,0.0021965925116091,0
43102,1,0,1,0.0208158493041992,0
43102,2,0,2,0.0510361604392528,0
43102,3,0,3,0.0248389579355716,0
43102,4,0,4,0.0438517332077026,0
43102,5,0,5,0.046984814107418,0
43102,6,0,6,0.0364290364086627,0
43102,7,0,7,0.0317218601703643,0
43102,8,0,8,0.2793263494968414,0
43102,9,0,9,0.0341227129101753,0
43102,10,0,10,0.0326442494988441,0
43102,11,0,11,0.0373401194810867,0
43102,12,0,12,0.0177126135677099,0
43102,13,0,13,0.0069264946505427,0
43102,14,0,14,0.0066297790035605,0
43102,15,0,15,0.0778943672776222,0
43102,16,0,16,0.0082959709689021,0
43102,17,0,17,0.0071485065855085,0
43102,18,1,18,0.9763135313987732,1
43102,19,1,19,0.973112940788269,1
43102,20,0,20,0.0029691234230995,0
43102,21,0,21,0.2983247637748718,0
43102,22,0,22,0.2822299003601074,0
43102,23,0,23,0.2198825627565384,0
43102,24,0,24,0.0028939063195139,0
43102,25,0,25,0.0026428918354213,0
45025,1,0,1,0.0013513080775737,0
45025,2,0,2,0.0022857014555484,0
45025,3,0,3,0.0011375248432159,0
45025,4,1,4,0.9650397300720216,1
45025,5,1,5,0.9681811332702636,1
45025,6,0,6,0.0014540718402713,0
45025,7,0,7,0.0036745839752256,0
45025,8,0,8,0.001629598904401,0
45025,9,0,9,0.007031550630927,0
45025,10,0,10,0.0012197735486552,0
45025,11,0,11,0.0014091528719291,0
48144,1,0,1,0.0123744513839483,0
48144,2,0,2,0.0265218671411275,0
48144,3,0,3,0.0072408663108944,0
48144,4,0,4,0.0019396168645471,0
48144,5,0,5,0.0024721988011151,0
48144,6,0,6,0.0013343163300305,0
48144,7,0,7,0.0026628708001226,0
48144,8,1,8,0.3879224061965942,0
48144,9,0,9,0.0917939022183418,0
48144,10,1,10,0.9879262447357178,1
48144,11,1,11,0.5777198672294617,1
48144,12,0,12,0.0057991221547126,0
48144,13,0,13,0.0015170123660936,0
48144,14,0,14,0.0027790847234427,0
48144,15,0,15,0.0063283941708505,0
48144,16,0,16,0.1178473979234695,0
48144,17,0,17,0.5345627069473267,1
48144,18,0,18,0.1178473979234695,0
48144,19,0,19,0.0063283941708505,0
48144,20,0,20,0.0063814539462327,0
48144,21,0,21,0.0042562982998788,0
48144,22,0,22,0.0036168366204947,0
48326,1,1,1,0.9671381115913392,1
48326,2,1,2,0.991333544254303,1
48326,3,1,3,0.9671381115913392,1
48326,4,0,4,0.0138824749737977,0
48326,5,0,5,0.0041195452213287,0
48326,6,0,6,0.0058773676864802,0
48326,7,0,7,0.0052707633003592,0
48326,8,0,8,0.0050374683924019,0
48326,9,0,9,0.1358411312103271,0
48326,10,0,10,0.1783404946327209,0
48326,11,0,11,0.0616608820855617,0
48326,12,0,12,0.0766740962862968,0
48326,13,0,13,0.0033575466368347,0
48326,14,0,14,0.000866709917318,0
48326,15,0,15,0.005036371294409,0
48326,16,0,16,0.0139731746166944,0
48326,17,0,17,0.0472695939242839,0
48326,18,0,18,0.0475501529872417,0
48326,19,0,19,0.0159297119826078,0
48326,20,0,20,0.003537269309163,0
50245,1,1,1,0.8983230590820312,1
50245,2,1,2,0.9809038043022156,1
50245,3,1,3,0.8983230590820312,1
50245,4,1,4,0.9254080057144164,1
50245,5,0,5,0.0102255512028932,0
50245,6,0,6,0.2012304365634918,0
50245,7,0,7,0.0739942118525505,0
50245,8,0,8,0.0317152142524719,0
50245,9,0,9,0.0021106335334479,0
50245,10,0,10,0.0008325846283696,0
50245,11,0,11,0.0024246419779956,0
50245,12,0,12,0.0050792633555829,0
50245,13,0,13,0.0078732604160904,0
50245,14,0,14,0.0022701728157699,0
50245,15,0,15,0.0013112312881276,0
50245,16,0,16,0.0018665413372218,0
50245,17,0,17,0.0009479924337938,0
50245,18,0,18,0.1866738200187683,0
50245,19,0,19,0.1066900417208671,0
50245,20,0,20,0.2247624844312667,0
50245,21,0,21,0.0249011237174272,0
50245,22,0,22,0.0132046984508633,0
50245,23,0,23,0.0076600257307291,0
50245,24,0,24,0.0012104114284738,0
50245,25,0,25,0.0037251559551805,0
50245,26,0,26,0.0102793667465448,0
51628,1,0,1,0.0128780584782361,0
51628,2,0,2,0.0799445137381553,0
51628,3,0,3,0.0047540245577692,0
51628,4,0,4,0.1023607775568962,0
51628,5,0,5,0.7446078658103943,1
51628,6,1,6,0.979106068611145,1
51628,7,1,7,0.97774338722229,1
51628,8,0,8,0.8242654204368591,1
51628,9,0,9,0.004230735823512,0
51628,10,0,10,0.0072503257542848,0
51628,11,0,11,0.0008419954101555,0
51628,12,0,12,0.0027253481093794,0
51628,13,0,13,0.0445924736559391,0
51628,14,0,14,0.0505358576774597,0
51628,15,0,15,0.0271517429500818,0
51628,16,0,16,0.0029296400025486,0
51628,17,0,17,0.0009612792637199,0
5202,1,1,1,0.9871037602424622,1
5202,2,0,2,0.1098047047853469,0
5202,3,0,3,0.4954656362533569,0
5202,4,0,4,0.1098047047853469,0
5202,5,0,5,0.9871037602424622,1
5202,6,0,6,0.3677761554718017,0
5202,7,0,7,0.2859377861022949,0
5202,8,0,8,0.4083479642868042,0
5202,9,0,9,0.413133293390274,0
5202,10,0,10,0.2262298613786697,0
5202,11,0,11,0.2005180716514587,0
5202,12,0,12,0.4470565319061279,0
5202,13,0,13,0.1845294386148452,0
5202,14,1,14,0.9797530174255372,1
5202,15,0,15,0.3585676550865173,0
5202,16,0,16,0.9705131649971008,1
5202,17,0,17,0.3210676908493042,0
5202,18,0,18,0.3677761554718017,0
53143,1,0,1,0.0060172644443809,0
53143,2,0,2,0.0057185357436537,0
53143,3,0,3,0.0017197355628013,0
53143,4,0,4,0.0025073124561458,0
53143,5,0,5,0.0027923311572521,0
53143,6,1,6,0.9454901814460754,1
53143,7,0,7,0.024970106780529,0
53143,8,1,8,0.926513135433197,1
53143,9,0,9,0.0085587156936526,0
53143,10,0,10,0.0095436694100499,0
53143,11,0,11,0.0060172644443809,0
53465,1,1,1,0.8894907236099243,1
53465,2,1,2,0.9253668785095216,1
53465,3,1,3,0.8818408250808716,1
53465,4,1,4,0.8691386580467224,1
53465,5,0,5,0.8628489375114441,1
53465,6,0,6,0.9069939851760864,1
53465,7,0,7,0.8555198311805725,1
53465,8,1,8,0.97427099943161,1
53465,9,0,9,0.903692901134491,1
53465,10,1,10,0.903692901134491,1
5459,1,0,1,0.6350984573364258,1
5459,2,0,2,0.5045709013938904,1
5459,3,0,3,0.1349568516016006,0
5459,4,0,4,0.0827435329556465,0
5459,5,0,5,0.1763369590044021,0
5459,6,0,6,0.0775813609361648,0
5459,7,0,7,0.0615948662161827,0
5459,8,0,8,0.2644321024417877,0
5459,9,0,9,0.2139224112033844,0
5459,10,0,10,0.4484698474407196,0
5459,11,1,11,0.8406076431274414,1
5459,12,0,12,0.0212625786662101,0
5459,13,0,13,0.023313982412219,0
5459,14,0,14,0.0182720087468624,0
5459,15,0,15,0.0075797513127326,0
5459,16,0,16,0.0011443916009739,0
5459,17,0,17,0.0182720087468624,0
5459,18,0,18,0.023313982412219,0
5464,1,0,1,0.9671132564544678,1
5464,2,0,2,0.991358757019043,1
5464,3,0,3,0.9671132564544678,1
5464,4,0,4,0.0104510905221104,0
5464,5,0,5,0.0086312182247638,0
5464,6,0,6,0.0070946677587926,0
5464,7,0,7,0.0103122470900416,0
5464,8,0,8,0.7594366669654846,1
5464,9,0,9,0.0050042355433106,0
5464,10,0,10,0.0074788043275475,0
5464,11,0,11,0.0017361108912155,0
5464,12,0,12,0.0051285247318446,0
5464,13,0,13,0.0012295090127736,0
5464,14,0,14,0.0022477500606328,0
5464,15,0,15,0.0624851919710636,0
5464,16,0,16,0.0019203958800062,0
5464,17,0,17,0.0853365436196327,0
5464,18,1,18,0.9744347929954528,1
5464,19,0,19,0.0385056994855403,0
5464,20,0,20,0.0666524395346641,0
5464,21,0,21,0.9565104246139526,1
54894,1,0,1,0.345730572938919,0
54894,2,0,2,0.720895528793335,1
54894,3,0,3,0.345730572938919,0
54894,4,0,4,0.5044578909873962,1
54894,5,0,5,0.0315813012421131,0
54894,6,0,6,0.0036535973194986,0
54894,7,0,7,0.0009363457211293,0
54894,8,0,8,0.0009363457211293,0
54894,9,0,9,0.8316879868507385,1
54894,10,1,10,0.9446274042129515,1
54894,11,0,11,0.8862234354019165,1
54894,12,1,12,0.8862234354019165,1
555,1,0,1,0.0158894564956426,0
555,2,0,2,0.2053478211164474,0
555,3,0,3,0.2270408272743225,0
555,4,0,4,0.1485182493925094,0
555,5,0,5,0.2798764109611511,0
555,6,0,6,0.1350993067026138,0
555,7,0,7,0.0829833373427391,0
555,8,0,8,0.1022820696234703,0
555,9,0,9,0.0791328400373458,0
555,10,0,10,0.0162638593465089,0
555,11,0,11,0.3683136999607086,0
555,12,0,12,0.0059040877968072,0
555,13,0,13,0.0090946285054087,0
555,14,0,14,0.9651699066162108,1
555,15,0,15,0.9688510894775392,1
555,16,0,16,0.0090946285054087,0
555,17,1,17,0.9651699066162108,1
555,18,1,18,0.9688510894775392,1
555,19,0,19,0.0213924124836921,0
555,20,0,20,0.0269238073378801,0
555,21,0,21,0.2693041265010834,0
555,22,0,22,0.0162528771907091,0
555,23,0,23,0.0042986655607819,0
555,24,0,24,0.0099248010665178,0
555,25,0,25,0.0078187361359596,0
555,26,0,26,0.0011936834780499,0
555,27,0,27,0.0022743910085409,0
555,28,0,28,0.0032238659914582,0
555,29,0,29,0.0009947394719347,0
5934,1,0,1,0.0088543994352221,0
5934,2,0,2,0.0055809519253671,0
5934,3,0,3,0.0250340681523084,0
5934,4,0,4,0.0358899757266044,0
5934,5,0,5,0.0015144308563321,0
5934,6,0,6,0.0008485605358146,0
5934,7,0,7,0.0035765008069574,0
5934,8,0,8,0.0028000015299767,0
5934,9,0,9,0.0038127512671053,0
5934,10,0,10,0.9458173513412476,1
5934,11,1,11,0.9789583683013916,1
5934,12,1,12,0.976226270198822,1
5934,13,0,13,0.7490729093551636,1
5934,14,0,14,0.0087939845398068,0
6063,1,0,1,0.0122650461271405,0
6063,2,0,2,0.025023553520441,0
6063,3,0,3,0.0179154891520738,0
6063,4,0,4,0.1019923910498619,0
6063,5,0,5,0.0278050880879163,0
6063,6,0,6,0.0150318732485175,0
6063,7,0,7,0.0040262243710458,0
6063,8,0,8,0.0116268815472722,0
6063,9,0,9,0.0038728700019419,0
6063,10,0,10,0.0020565395243465,0
6063,11,0,11,0.0014722918858751,0
6063,12,0,12,0.0020565404556691,0
6063,13,0,13,0.0038728700019419,0
6063,14,0,14,0.0013582942774519,0
6063,15,0,15,0.0013504088856279,0
6063,16,0,16,0.0026685541961342,0
6063,17,0,17,0.0010241097770631,0
6063,18,0,18,0.0012516296701505,0
6063,19,0,19,0.0048069120384752,0
6063,20,0,20,0.0126694468781352,0
6063,21,0,21,0.0040507968515157,0
6063,22,0,22,0.0089619867503643,0
6063,23,0,23,0.0040507968515157,0
6063,24,0,24,0.0126694468781352,0
6063,25,1,25,0.9913640022277832,1
6063,26,1,26,0.9685745239257812,1
6063,27,1,27,0.9685745239257812,1
6063,28,0,28,0.0278050880879163,0
6063,29,0,29,0.1019923910498619,0
6063,30,0,30,0.0179154891520738,0
6063,31,0,31,0.025023553520441,0
6063,32,0,32,0.0122650461271405,0
6063,33,0,33,0.1104661226272583,0
6063,34,0,34,0.077130302786827,0
6063,35,0,35,0.0138838002458214,0
6063,36,0,36,0.0070117223076522,0
6063,37,0,37,0.006625220645219,0
6063,38,0,38,0.0008308375254273,0
6063,39,0,39,0.0070117223076522,0
6063,40,0,40,0.0138838002458214,0
6095,1,1,1,0.8946263790130615,1
6095,2,1,2,0.9781452417373656,1
6095,3,1,3,0.8946263790130615,1
6095,4,1,4,0.9033278822898864,1
6095,5,0,5,0.0210672859102487,0
6095,6,0,6,0.020295538008213,0
6095,7,0,7,0.0915222018957138,0
6095,8,0,8,0.2621442377567291,0
6095,9,0,9,0.1879306137561798,0
6095,10,0,10,0.2342984825372696,0
6095,11,0,11,0.4389019310474396,0
6095,12,0,12,0.1546160727739334,0
6095,13,0,13,0.0240593068301677,0
6095,14,0,14,0.0048749758861958,0
6095,15,0,15,0.0032996453810483,0
6095,16,0,16,0.0420351028442382,0
6095,17,0,17,0.0509033575654029,0
6095,18,0,18,0.028933823108673,0
6095,19,0,19,0.0050637684762477,0
6095,20,0,20,0.0010352396639063,0
6212,1,1,1,0.978104293346405,1
6212,2,0,2,0.1290058493614196,0
6212,3,0,3,0.1027194857597351,0
6212,4,0,4,0.0027445182204246,0
6212,5,0,5,0.001155437901616,0
6212,6,0,6,0.0069753262214362,0
6212,7,0,7,0.001155437901616,0
6212,8,0,8,0.1027194634079933,0
6212,9,0,9,0.0027445182204246,0
6212,10,0,10,0.0017577918479219,0
6212,11,0,11,0.0012289786245673,0
6212,12,0,12,0.0011335992021486,0
6212,13,0,13,0.001739265746437,0
6212,14,0,14,0.002083332510665,0
6212,15,0,15,0.0008958337130025,0
6212,16,0,16,0.0008958337130025,0
6212,17,0,17,0.0009140508482232,0
6212,18,0,18,0.002794595900923,0
6212,19,0,19,0.044273667037487,0
6212,20,0,20,0.0464588776230812,0
6212,21,0,21,0.0194381810724735,0
6212,22,0,22,0.0023378548212349,0
6728,1,0,1,0.0131018478423357,0
6728,2,0,2,0.005679381545633,0
6728,3,0,3,0.0070572360418736,0
6728,4,0,4,0.0072400574572384,0
6728,5,0,5,0.0431579463183879,0
6728,6,0,6,0.0358231700956821,0
6728,7,0,7,0.0072223492898046,0
6728,8,0,8,0.0038884307723492,0
6728,9,0,9,0.0022183202672749,0
6728,10,0,10,0.0010161191457882,0
6728,11,0,11,0.0015138462185859,0
6728,12,0,12,0.0011212945682927,0
6728,13,0,13,0.0015138462185859,0
6728,14,0,14,0.0010161191457882,0
6728,15,0,15,0.0051145008765161,0
6728,16,0,16,0.0039069289341568,0
6728,17,0,17,0.0044009257107973,0
6728,18,0,18,0.0052253506146371,0
6728,19,0,19,0.0007763817557133,0
6728,20,0,20,0.021126139909029,0
6728,21,0,21,0.0471521690487861,0
6728,22,0,22,0.0227403175085783,0
6728,23,0,23,0.0025990472640842,0
6728,24,0,24,0.3606318235397339,0
6728,25,1,25,0.8610666990280151,1
6728,26,1,26,0.9778579473495485,1
6728,27,0,27,0.8993691205978394,1
6728,28,1,28,0.8993691205978394,1
6728,29,0,29,0.0012393780052661,0
6728,30,0,30,0.0023900135420262,0
6728,31,0,31,0.0011045687133446,0
6728,32,0,32,0.0009840079583227,0
6728,33,0,33,0.0013406173093244,0
6728,34,0,34,0.0035409284755587,0
6728,35,0,35,0.0050662509165704,0
6728,36,0,36,0.0044245556928217,0
6728,37,0,37,0.0123888589441776,0
6728,38,0,38,0.0020614424720406,0
6728,39,0,39,0.0008565043681301,0
6728,40,0,40,0.0008565043681301,0
6728,41,0,41,0.0008565043681301,0
7938,1,0,1,0.0047266706824302,0
7938,2,0,2,0.0034654054325073,0
7938,3,0,3,0.0143424225971102,0
7938,4,0,4,0.0420058220624923,0
7938,5,0,5,0.0143424225971102,0
7938,6,0,6,0.0034654054325073,0
7938,7,0,7,0.0047266706824302,0
7938,8,0,8,0.0015103206969797,0
7938,9,0,9,0.0025820583105087,0
7938,10,0,10,0.7311092615127563,1
7938,11,0,11,0.0123017765581607,0
7938,12,0,12,0.0032338337041437,0
7938,13,0,13,0.002915842924267,0
7938,14,0,14,0.0041576786898076,0
7938,15,0,15,0.0181009415537118,0
7938,16,0,16,0.0150227891281247,0
7938,17,0,17,0.0186710227280855,0
7938,18,0,18,0.0326532460749149,0
7938,19,0,19,0.0134986639022827,0
7938,20,0,20,0.0207696054130792,0
7938,21,0,21,0.0219923835247755,0
7938,22,0,22,0.0014785580569878,0
7938,23,0,23,0.0011726638767868,0
7938,24,0,24,0.006284742616117,0
7938,25,0,25,0.0067473128437995,0
7938,26,1,26,0.9704381227493286,1
7938,27,1,27,0.960134506225586,1
8382,1,0,1,0.0074113644659519,0
8382,2,0,2,0.0025774755049496,0
8382,3,0,3,0.0121642099693417,0
8382,4,0,4,0.0124831618741154,0
8382,5,1,5,0.5997559428215027,1
8382,6,0,6,0.0832062885165214,0
8382,7,1,7,0.9886049032211304,1
8382,8,1,8,0.5997559428215027,1
8382,9,0,9,0.0124831618741154,0
8382,10,0,10,0.0103276995941996,0
8382,11,0,11,0.0053272154182195,0
8382,12,0,12,0.0271617975085973,0
8382,13,0,13,0.0149541785940527,0
8382,14,0,14,0.0207225829362869,0
8382,15,0,15,0.0298096928745508,0
8382,16,0,16,0.0309603493660688,0
8382,17,0,17,0.0482403077185153,0
8382,18,0,18,0.0479100309312343,0
8382,19,0,19,0.0304308384656906,0
8382,20,0,20,0.0078436713665723,0
8564,1,0,1,0.0171858165413141,0
8564,2,0,2,0.0039238594472408,0
8564,3,0,3,0.0009501798194833,0
8564,4,0,4,0.0009907523635774,0
8564,5,0,5,0.001008462626487,0
8564,6,0,6,0.0010112845338881,0
8564,7,0,7,0.001311705331318,0
8564,8,0,8,0.0016264020232483,0
8564,9,0,9,0.0112729435786604,0
8564,10,0,10,0.0025622255634516,0
8564,11,0,11,0.0130324689671397,0
8564,12,1,12,0.742882490158081,1
8564,13,1,13,0.9745671153068542,1
8564,14,1,14,0.9796748757362366,1
8564,15,1,15,0.8259640336036682,1
8564,16,1,16,0.7388662099838257,1
8564,17,0,17,0.1599798053503036,0
8564,18,0,18,0.005076196976006,0
8564,19,0,19,0.0022774725221097,0
8564,20,0,20,0.0035418337211012,0
8564,21,0,21,0.0022774725221097,0
8564,22,0,22,0.005076196976006,0
8564,23,0,23,0.0014965891605243,0
8564,24,0,24,0.0014795208116993,0
8576,1,0,1,0.0207392256706953,0
8576,2,0,2,0.0516628213226795,0
8576,3,0,3,0.0033572737593203,0
8576,4,0,4,0.0049756411463022,0
8576,5,0,5,0.004650296177715,0
8576,6,0,6,0.0221015680581331,0
8576,7,0,7,0.0297520905733108,0
8576,8,0,8,0.0606881417334079,0
8576,9,0,9,0.0687281340360641,0
8576,10,0,10,0.3489733338356018,0
8576,11,1,11,0.778057336807251,1
8576,12,1,12,0.9764495491981506,1
8576,13,0,13,0.9002910852432251,1
8576,14,1,14,0.9002910852432251,1
8576,15,0,15,0.0587311722338199,0
8576,16,0,16,0.0707832351326942,0
8576,17,0,17,0.0400590002536773,0
8576,18,0,18,0.0248745549470186,0
8576,19,0,19,0.0300556682050228,0
8576,20,0,20,0.0143542494624853,0
8576,21,0,21,0.0213815495371818,0
8576,22,0,22,0.0143542494624853,0
8576,23,0,23,0.0300556682050228,0
8576,24,0,24,0.0374098196625709,0
8576,25,0,25,0.09891377389431,0
8576,26,0,26,0.1775655448436737,0
8576,27,0,27,0.0873281508684158,0
8576,28,0,28,0.066083438694477,0
8576,29,0,29,0.0019007446244359,0
8576,30,0,30,0.0011412982130423,0
8576,31,0,31,0.0017776060849428,0
8663,1,0,1,0.4854719042778015,0
8663,2,0,2,0.7366331219673157,1
8663,3,0,3,0.4317790269851684,0
8663,4,1,4,0.8969828486442566,1
8663,5,1,5,0.9236854910850524,1
8663,6,0,6,0.0077415062114596,0
8663,7,0,7,0.2361741662025451,0
8663,8,0,8,0.3237753510475158,0
8663,9,0,9,0.0035040979273617,0
8663,10,0,10,0.0263043288141489,0
8663,11,0,11,0.6583715081214905,1
8663,12,0,12,0.8757244348526001,1
8663,13,0,13,0.4266569316387176,0
8663,14,0,14,0.065572515130043,0
8663,15,0,15,0.0157751403748989,0
8663,16,0,16,0.0481058992445468,0
8663,17,0,17,0.0480015985667705,0
8663,18,0,18,0.0481058992445468,0
8663,19,0,19,0.0157751403748989,0
8663,20,0,20,0.0012576399603858,0
8663,21,0,21,0.0077367648482322,0
8663,22,0,22,0.748911440372467,1
8663,23,0,23,0.6982407569885254,1
8663,24,1,24,0.5525809526443481,1
8663,25,0,25,0.547548234462738,1
8663,26,0,26,0.6802133321762085,1
8663,27,1,27,0.8150526285171509,1
8663,28,0,28,0.7627472281455994,1
8663,29,0,29,0.5546355843544006,1
8663,30,0,30,0.5650967955589294,1
8663,31,0,31,0.6404346823692322,1
8663,32,0,32,0.5270631909370422,1
8663,33,0,33,0.5985116362571716,1
8663,34,0,34,0.5406897664070129,1
8759,1,0,1,0.0158322788774967,0
8759,2,0,2,0.0047703981399536,0
8759,3,0,3,0.0023502693511545,0
8759,4,0,4,0.0014986784663051,0
8759,5,0,5,0.0014512775233015,0
8759,6,0,6,0.0011291997507214,0
8759,7,0,7,0.000979766016826,0
8759,8,0,8,0.0013544822577387,0
8759,9,0,9,0.001583969220519,0
8759,10,0,10,0.0024862505961209,0
8759,11,0,11,0.0067283948883414,0
8759,12,0,12,0.0022018828894943,0
8759,13,0,13,0.0052864267490804,0
8759,14,0,14,0.0060520186088979,0
8759,15,0,15,0.0036303889937698,0
8759,16,1,16,0.8813044428825378,1
8759,17,1,17,0.9771392941474916,1
8759,18,0,18,0.898511528968811,1
8759,19,1,19,0.898511528968811,1
8759,20,0,20,0.0057512307539582,0
8759,21,0,21,0.0045951744541525,0
8759,22,0,22,0.0015062023885548,0
8759,23,0,23,0.004488700069487,0
8759,24,0,24,0.0010898411273956,0
8759,25,0,25,0.0011727537494152,0
8759,26,0,26,0.0024830419570207,0
8759,27,0,27,0.0076035233214497,0
8759,28,0,28,0.0076035233214497,0
8759,29,0,29,0.0076035233214497,0
8759,30,0,30,0.0028032921254634,0
9397,1,0,1,0.1357204169034958,0
9397,2,0,2,0.4560264348983764,0
9397,3,0,3,0.3995789587497711,0
9397,4,0,4,0.3615536391735077,0
9397,5,0,5,0.4469543993473053,0
9397,6,0,6,0.0192874483764171,0
9397,7,0,7,0.0398175865411758,0
9397,8,0,8,0.0221223440021276,0
9397,9,0,9,0.4475541710853576,0
9397,10,0,10,0.5712841153144836,1
9397,11,0,11,0.5060774087905884,1
9397,12,0,12,0.5265091061592102,1
9397,13,0,13,0.4005339443683624,0
9397,14,0,14,0.4403094351291656,0
9397,15,0,15,0.4953914582729339,0
9397,16,0,16,0.1658910512924194,0
9397,17,1,17,0.9807049632072448,1
9397,18,0,18,0.3146888613700866,0
9397,19,1,19,0.939532995223999,1
9397,20,0,20,0.4724450707435608,0
9950,1,0,1,0.0445731207728385,0
9950,2,0,2,0.0495537035167217,0
9950,3,0,3,0.0049802372232079,0
9950,4,0,4,0.0054166270419955,0
9950,5,0,5,0.0016588594298809,0
9950,6,0,6,0.0054166270419955,0
9950,7,0,7,0.0049802372232079,0
9950,8,0,8,0.004388190805912,0
9950,9,0,9,0.0039769117720425,0
9950,10,0,10,0.0084838951006531,0
9950,11,0,11,0.0242429245263338,0
9950,12,0,12,0.0476832911372184,0
9950,13,0,13,0.0470721945166587,0
9950,14,0,14,0.0222946032881736,0
9950,15,0,15,0.0134943583980202,0
9950,16,0,16,0.1754955798387527,0
9950,17,0,17,0.2472227811813354,0
9950,18,0,18,0.1846409440040588,0
9950,19,0,19,0.74812251329422,1
9950,20,0,20,0.4591321647167206,0
9950,21,0,21,0.0178731381893157,0
9950,22,1,22,0.9622753858566284,1
9950,23,1,23,0.8893600702285767,1
9950,24,1,24,0.8893600702285767,1
