molecole,indice_atomi,match,prediction,prediction_binary,fame_score,shannon_entropy,som_score,som_score_binary
10227,1,0,0.752,1,0.9696969696969696,0.8080927832245588,0.459752,0
10227,2,0,0.564,1,0.8260073260073261,0.9881489563064276,0.128331,0
10227,3,0,0.012,0,0.7984126984126984,0.0937779098477716,0.034322,0
10227,4,0,0.004,0,0.8111111111111112,0.0376223603222784,0.014194,0
10227,5,0,0.004,0,0.8382352941176471,0.0376223603222784,0.009905,0
10227,6,0,0.508,1,0.8322440087145969,0.9998153271549208,0.004826,0
10227,7,0,0.152,0,0.8841269841269842,0.6148227571490692,0.021552,0
10227,8,0,0.6,1,0.85,0.9709505944546688,0.009622,0
10227,9,1,0.156,0,0.8486111111111111,0.6246538232507122,0.165026,0
10227,10,0,0.2,0,0.8736263736263736,0.7219280948873623,0.084398,0
10227,11,0,0.016,0,0.8076923076923078,0.118350011408275,0.231934,0
10227,12,0,0.032,0,0.9166666666666666,0.2043246709802796,0.104888,0
10227,13,0,0.008,0,0.9090909090909092,0.0672215447583068,0.219195,0
10227,14,0,0.072,0,0.7777777777777778,0.3733433210798535,0.056976,0
10227,15,0,0.368,1,0.8119658119658121,0.9491240519851772,0.000751,0
10227,16,0,0.06,0,0.7777777777777778,0.3274449191544763,0.000856,0
10227,17,0,0.16,0,0.8205128205128206,0.6343095546405662,0.003246,0
10227,18,0,0.104,0,0.8380952380952381,0.4815485438118001,0.001539,0
10227,19,0,0.092,0,0.8142857142857144,0.443110558244691,0.071013,0
10227,20,0,0.24,0,0.8534798534798534,0.7950402793845223,0.33256,0
10227,21,0,0.028,0,0.8181818181818182,0.1842605933396551,0.168797,0
10227,22,0,0.06,0,0.9696969696969696,0.3274449191544763,0.00871,0
10227,23,0,0.032,0,1.0,0.2043246709802796,0.021613,0
10227,24,0,0.284,0,1.0,0.8608440062015497,0.020214,0
10227,25,0,0.032,0,1.0,0.2043246709802796,0.003065,0
10227,26,0,0.06,0,0.9696969696969696,0.3274449191544763,0.022409,0
10227,27,0,0.012,0,0.8444444444444444,0.0937779098477716,0.021968,0
10227,28,0,0.048,0,0.7984126984126984,0.2778395739583094,0.010253,0
10227,29,0,0.016,0,0.8717948717948718,0.118350011408275,0.010865,0
10227,30,0,0.136,0,0.9333333333333332,0.5736665363828041,0.016333,0
13308,1,0,0.272,0,0.6996336996336997,0.8443198937773438,0.05788,0
13308,2,0,0.092,0,0.75,0.443110558244691,0.099192,0
13308,3,0,0.212,0,0.7738095238095237,0.7452883145630643,0.05196,0
13308,4,0,0.108,0,0.823529411764706,0.4938537236995206,0.062485,0
13308,5,0,0.004,0,0.7412280701754387,0.0376223603222784,0.015884,0
13308,6,0,0.012,0,0.7554179566563467,0.0937779098477716,0.094874,0
13308,7,0,0.036,0,0.7946428571428571,0.2236416644844808,0.045462,0
13308,8,0,0.48,1,0.6527777777777777,0.9988455359952018,0.189943,0
13308,9,0,0.208,0,0.6947368421052632,0.737642380185689,0.03929,0
13308,10,0,0.152,0,0.6942355889724311,0.6148227571490692,0.082395,0
13308,11,1,0.204,0,0.66133069828722,0.7298563169471575,0.172348,0
13308,12,0,0.056,0,0.7148148148148148,0.3113573704292831,0.004476,0
13308,13,0,0.028,0,0.7647058823529411,0.1842605933396551,0.009841,0
13308,14,0,0.064,0,0.923076923076923,0.3431229071320205,0.008574,0
13308,15,0,0.012,0,0.9090909090909092,0.0937779098477716,0.00202,0
13308,16,0,0.0,0,1.0,0.0,0.060383,0
13308,17,0,0.064,0,0.923076923076923,0.3431229071320205,0.005254,0
13308,18,0,0.028,0,0.7647058823529411,0.1842605933396551,0.007352,0
13713,1,0,0.284,0,0.9743589743589745,0.8608440062015497,0.053065,0
13713,2,0,0.016,0,0.9375,0.118350011408275,0.058637,0
13713,3,0,0.008,0,0.95,0.0672215447583068,0.073445,0
13713,4,0,0.016,0,0.9074074074074074,0.118350011408275,0.04583,0
13713,5,0,0.652,1,0.888888888888889,0.9322691915480672,0.103862,0
13713,6,0,0.044,0,0.8787878787878788,0.2603406250124504,0.150812,0
13713,7,0,0.012,0,0.9194444444444444,0.0937779098477716,0.065231,0
13713,8,0,0.0,0,0.9012345679012346,0.0,0.06396,0
13713,9,0,0.008,0,0.8888888888888888,0.0672215447583068,0.201661,0
13713,10,0,0.036,0,0.9166666666666666,0.2236416644844808,0.071189,0
13713,11,0,0.348,1,0.915277777777778,0.9322691915480672,0.067442,0
13713,12,0,0.032,0,0.942528735632184,0.2043246709802796,0.004656,0
13713,13,0,0.016,0,0.9466666666666668,0.118350011408275,0.026736,0
13713,14,0,0.048,0,0.9523809523809522,0.2778395739583094,0.039298,0
13713,15,0,0.068,0,0.9411764705882352,0.3584153246392749,0.066327,0
13713,16,0,0.012,0,1.0,0.0937779098477716,0.080372,0
13713,17,1,0.164,0,1.0,0.6437935214851034,0.356441,0
13713,18,0,0.016,0,0.9473684210526316,0.118350011408275,0.010633,0
13713,19,0,0.056,0,0.9333333333333332,0.3113573704292831,0.068587,0
13713,20,0,0.032,0,0.9583333333333334,0.2043246709802796,0.085842,0
13713,21,0,0.02,0,0.9506172839506172,0.1414405425418206,0.005299,0
13713,22,0,0.052,0,0.9583333333333334,0.2948328193632007,0.038993,0
13713,23,0,0.02,0,0.9499999999999998,0.1414405425418206,0.037885,0
13713,24,0,0.108,0,0.9333333333333332,0.4938537236995206,0.037909,0
13713,25,0,0.084,0,0.9090909090909092,0.4161189512518705,0.224579,0
13713,26,0,0.036,0,0.9090909090909092,0.2236416644844808,0.140773,0
13713,27,0,0.04,0,0.9583333333333334,0.2422921890824148,0.006471,0
13713,28,0,0.068,0,0.9327777777777778,0.3584153246392749,0.007912,0
16124,1,0,0.132,0,0.8376068376068376,0.5628977911449632,0.234271,0
16124,2,0,0.044,0,0.7333333333333333,0.2603406250124504,0.031623,0
16124,3,0,0.152,0,0.7785714285714285,0.6148227571490692,0.032985,0
16124,4,0,0.032,0,0.7412567366127737,0.2043246709802796,0.06834,0
16124,5,0,0.236,0,0.7666666666666666,0.7883249003933804,0.299951,0
16124,6,0,0.016,0,0.6999999999999998,0.118350011408275,0.021955,0
16124,7,0,0.052,0,0.6426767676767676,0.2948328193632007,0.218256,0
16124,8,0,0.024,0,0.6717171717171717,0.1633455431834023,0.043683,0
16124,9,0,0.008,0,0.7114035087719298,0.0672215447583068,0.172,0
16124,10,0,0.008,0,0.823529411764706,0.0672215447583068,0.450277,0
16124,11,0,0.052,0,0.9523809523809524,0.2948328193632007,0.099507,0
16124,12,0,0.008,0,1.0,0.0672215447583068,0.009791,0
16124,13,0,0.892,1,1.0,0.4938537236995206,0.043678,0
16124,14,0,0.052,0,0.9523809523809524,0.2948328193632007,0.005443,0
16124,15,0,0.008,0,0.823529411764706,0.0672215447583068,0.016117,0
16124,16,0,0.08,0,0.6936507936507937,0.4021791902022729,0.041339,0
16124,17,0,0.392,1,0.7647058823529411,0.9660780975952254,0.051069,0
16124,18,1,0.028,0,0.7763157894736842,0.1842605933396551,0.208124,0
16124,19,0,0.06,0,0.7363834422657952,0.3274449191544763,0.037244,0
16124,20,0,0.108,0,0.7150326797385621,0.4938537236995206,0.018713,0
16586,1,0,0.248,0,1.0,0.8080927832245588,0.128395,0
16586,2,0,0.004,0,0.9166666666666666,0.0376223603222784,0.097631,0
16586,3,0,0.1,0,0.8566544566544566,0.4689955935892811,0.090759,0
16586,4,0,0.012,0,0.8968954248366012,0.0937779098477716,0.005136,0
16586,5,0,0.0,0,0.8848684210526315,0.0,0.000622,0
16586,6,0,0.08,0,0.7851851851851852,0.4021791902022729,0.002836,0
16586,7,0,0.22,0,0.8148148148148149,0.7601675029619656,0.075269,0
16586,8,0,0.136,0,0.8342320261437909,0.5736665363828041,0.24511,0
16586,9,0,0.076,0,0.7857142857142857,0.3879256793719373,0.016222,0
16586,10,0,0.236,0,0.7855477855477856,0.7883249003933804,0.051621,0
16586,11,0,0.064,0,0.8888888888888888,0.3431229071320205,0.021856,0
16586,12,0,0.488,1,0.8461538461538461,0.9995844639313984,0.085177,0
16586,13,1,0.108,0,0.8190476190476191,0.4938537236995206,0.394782,0
16586,14,0,0.004,0,0.8774509803921569,0.0376223603222784,0.157786,0
16586,15,0,0.0,0,0.8603174603174603,0.0,0.547059,1
16586,16,0,0.676,1,0.9444444444444444,0.908678384800712,0.027078,0
18032,1,0,0.3,0,1.0,0.8812908992306927,0.183616,0
18032,2,0,0.032,0,0.8791208791208791,0.2043246709802796,0.209271,0
18032,3,0,0.008,0,0.8809523809523809,0.0672215447583068,0.090097,0
18032,4,0,0.0,0,0.9361111111111112,0.0,0.043362,0
18032,5,0,0.0,0,0.8722222222222222,0.0,0.018601,0
18032,6,0,0.104,0,0.8550653594771243,0.4815485438118001,0.02948,0
18032,7,0,0.068,0,0.8791208791208791,0.3584153246392749,0.034507,0
18032,8,0,0.024,0,0.9285714285714284,0.1633455431834023,0.037321,0
18032,9,0,0.0,0,0.9722222222222222,0.0,0.011574,0
18032,10,0,0.024,0,0.8841269841269842,0.1633455431834023,0.065037,0
18032,11,0,0.02,0,0.8305555555555556,0.1414405425418206,0.057005,0
18032,12,0,0.016,0,0.8916666666666666,0.118350011408275,0.333825,0
18032,13,1,0.464,1,0.7666666666666666,0.9962572968375276,0.415937,0
18032,14,0,0.016,0,0.8305555555555556,0.118350011408275,0.264839,0
18032,15,1,0.692,1,0.8534798534798534,0.890851296603444,0.463451,0
18482,1,0,0.064,0,0.8962962962962963,0.3431229071320205,0.159019,0
18482,2,0,0.12,0,0.9111111111111112,0.5293608652873644,0.157967,0
18482,3,0,0.34,1,0.8787878787878788,0.92481870497303,0.00277,0
18482,4,0,0.616,1,0.8222222222222223,0.960818175317104,0.007578,0
18482,5,0,0.008,0,0.8341269841269842,0.0672215447583068,0.00862,0
18482,6,0,0.012,0,0.8931623931623931,0.0937779098477716,0.003333,0
18482,7,0,0.012,0,0.8931623931623931,0.0937779098477716,0.005228,0
18482,8,0,0.008,0,0.8838383838383838,0.0672215447583068,0.003592,0
18482,9,0,0.0,0,1.0,0.0,0.371062,0
18482,10,1,0.688,1,1.0,0.8954686411420223,0.544522,1
18482,11,0,0.012,0,0.8931623931623931,0.0937779098477716,0.049543,0
18482,12,0,0.012,0,0.8931623931623931,0.0937779098477716,0.082588,0
21181,1,0,0.052,0,0.9444444444444444,0.2948328193632007,0.129927,0
21181,2,0,0.52,1,0.888888888888889,0.9988455359952018,0.02832,0
21181,3,0,0.0,0,1.0,0.0,0.020811,0
21181,4,0,0.064,0,0.888888888888889,0.3431229071320205,0.013511,0
21181,5,0,0.02,0,0.8571428571428571,0.1414405425418206,0.042459,0
21181,6,0,0.016,0,0.8260233918128655,0.118350011408275,0.021041,0
21181,7,0,0.02,0,0.7785521115040566,0.1414405425418206,0.002514,0
21181,8,0,0.012,0,0.8260233918128655,0.0937779098477716,0.00162,0
21181,9,0,0.028,0,0.8260233918128655,0.1842605933396551,0.011188,0
21181,10,0,0.168,0,0.7690491875274484,0.6531091121418667,0.005029,0
21181,11,0,0.028,0,0.7886473429951691,0.1842605933396551,0.171173,0
21181,12,0,0.34,1,0.7777777777777778,0.92481870497303,0.235554,0
21181,13,0,0.052,0,0.7469654528478058,0.2948328193632007,0.020921,0
21181,14,0,0.048,0,0.7139515455304929,0.2778395739583094,0.0532,0
21181,15,0,0.332,1,0.6773504273504273,0.9169567260822412,0.165485,0
21181,16,1,0.44,1,0.6325396825396825,0.9895875212220556,0.476891,0
21181,17,0,0.072,0,0.7197235513024985,0.3733433210798535,0.035465,0
21181,18,1,0.548,1,0.6948529411764706,0.9933418121880536,0.128142,0
21181,19,0,0.072,0,0.7394957983193278,0.3733433210798535,0.044654,0
21181,20,0,0.048,0,0.6934609250398726,0.2778395739583094,0.042301,0
21480,1,0,0.124,0,0.6555555555555556,0.5407504779634867,0.274707,0
21480,2,0,0.244,0,0.638888888888889,0.801629101585612,0.118121,0
21480,3,0,0.228,0,0.75,0.7745085286615678,0.029275,0
21480,4,0,0.096,0,0.8603341103341103,0.4561861025695263,0.237487,0
21480,5,0,0.38,1,0.7440476190476191,0.9580420222262996,0.021087,0
21480,6,0,0.308,1,0.7101190476190476,0.890851296603444,0.027552,0
21480,7,0,0.028,0,0.7402777777777777,0.1842605933396551,0.012391,0
21480,8,0,0.076,0,0.8119658119658121,0.3879256793719373,0.049927,0
21480,9,0,0.056,0,0.8018648018648019,0.3113573704292831,0.013633,0
21480,10,0,0.172,0,0.9,0.6622595460438848,0.052826,0
21480,11,0,0.016,0,0.8888888888888888,0.118350011408275,0.143292,0
21480,12,0,0.036,0,0.8181818181818182,0.2236416644844808,0.034204,0
21480,13,1,0.572,1,0.8757575757575758,0.9849900098451576,0.261113,0
21480,14,0,0.096,0,0.8119658119658121,0.4561861025695263,0.033497,0
22186,1,0,0.172,0,0.6593406593406593,0.6622595460438848,0.043775,0
22186,2,0,0.068,0,0.7205882352941178,0.3584153246392749,0.008712,0
22186,3,0,0.216,0,0.7380952380952381,0.7527960664084546,0.105666,0
22186,4,0,0.116,0,0.8009259259259259,0.5177526267252631,0.189896,0
22186,5,0,0.432,1,0.7692307692307693,0.9866165198488092,0.050852,0
22186,6,0,0.088,0,0.7272727272727272,0.4297586093037605,0.005312,0
22186,7,0,0.088,0,0.7272727272727272,0.4297586093037605,0.007743,0
22186,8,0,0.168,0,0.7508695652173913,0.6531091121418667,0.0926,0
22186,9,0,0.156,0,0.7973684210526315,0.6246538232507122,0.13937,0
22186,10,0,0.008,0,0.8096179183135704,0.0672215447583068,0.011492,0
22186,11,0,0.012,0,0.8070175438596491,0.0937779098477716,0.006681,0
22186,12,0,0.024,0,0.8518518518518517,0.1633455431834023,0.023559,0
22186,13,0,0.016,0,0.8958333333333334,0.118350011408275,0.029806,0
22186,14,1,0.696,1,0.9487179487179488,0.8861256474645222,0.358802,0
22186,15,0,0.0,0,0.8518518518518517,0.0,0.029977,0
22186,16,0,0.052,0,0.8958333333333334,0.2948328193632007,0.15986,0
22186,17,0,0.096,0,0.9487179487179488,0.4561861025695263,0.064854,0
22186,18,0,0.008,0,0.9696969696969696,0.0672215447583068,0.098249,0
22186,19,0,0.1,0,0.8694444444444445,0.4689955935892811,0.00153,0
22186,20,0,0.128,0,0.8382066276803118,0.5519275534566073,0.006628,0
22186,21,0,0.0,0,0.8166666666666668,0.0,0.001088,0
22294,1,1,0.032,0,0.6777777777777777,0.2043246709802796,0.226486,0
22294,2,0,0.092,0,0.6714975845410628,0.443110558244691,0.031073,0
22294,3,0,0.012,0,0.7200263504611332,0.0937779098477716,0.029674,0
22294,4,0,0.036,0,0.823529411764706,0.2236416644844808,0.073116,0
22294,5,0,0.048,0,0.8000000000000002,0.2778395739583094,0.012038,0
22294,6,0,0.028,0,0.8205128205128206,0.1842605933396551,0.035893,0
22294,7,0,0.016,0,0.8376068376068376,0.118350011408275,0.011606,0
22294,8,0,0.72,1,0.8454545454545456,0.8554508105601307,0.037426,0
22294,9,0,0.048,0,0.8000000000000002,0.2778395739583094,0.059173,0
22294,10,0,0.028,0,0.8205128205128206,0.1842605933396551,0.412544,0
22294,11,0,0.036,0,0.823529411764706,0.2236416644844808,0.090385,0
22294,12,0,0.088,0,0.6350000000000001,0.4297586093037605,0.191906,0
22294,13,0,0.208,0,0.6777777777777777,0.737642380185689,0.214446,0
22294,14,0,0.084,0,0.6990740740740741,0.4161189512518705,0.880798,1
22294,15,0,0.032,0,0.7142857142857143,0.2043246709802796,0.61229,1
22294,16,0,0.032,0,0.7142857142857143,0.2043246709802796,0.645357,1
22294,17,0,0.028,0,0.7893518518518517,0.1842605933396551,0.000709,0
22294,18,0,0.04,0,0.7833333333333333,0.2422921890824148,0.000341,0
22294,19,0,0.216,0,0.706959706959707,0.7527960664084546,0.001445,0
22294,20,0,0.032,0,0.7333333333333333,0.2043246709802796,0.0005,0
22294,21,0,0.036,0,0.7222222222222222,0.2236416644844808,0.001456,0
22294,22,0,0.0,0,0.7368421052631579,0.0,0.000692,0
2255,1,1,0.024,0,1.0,0.1633455431834023,0.554051,1
2255,2,0,0.528,1,0.9285714285714284,0.9977366703420346,0.280596,0
2255,3,0,0.124,0,0.8968253968253967,0.5407504779634867,0.047827,0
2255,4,0,0.372,1,0.7628205128205128,0.9521953766259578,0.029199,0
2255,5,0,0.2,0,0.7058823529411765,0.7219280948873623,0.005467,0
2255,6,0,0.008,0,0.7142857142857143,0.0672215447583068,0.025256,0
2255,7,0,0.012,0,0.7437908496732026,0.0937779098477716,0.038126,0
2255,8,0,0.324,1,0.6968325791855204,0.908678384800712,0.301911,0
2255,9,0,0.54,1,0.7791375291375292,0.9953784388202258,0.043951,0
2255,10,0,0.064,0,0.7598039215686274,0.3431229071320205,0.339085,0
2255,11,0,0.06,0,0.8000000000000002,0.3274449191544763,0.303909,0
2255,12,0,0.052,0,0.7388888888888889,0.2948328193632007,0.080701,0
2255,13,0,0.008,0,0.8106227106227107,0.0672215447583068,0.010969,0
23119,1,0,0.244,0,0.7628205128205128,0.801629101585612,0.171975,0
23119,2,0,0.148,0,0.6669590643274854,0.6048125901165884,0.524483,1
23119,3,0,0.244,0,0.7628205128205128,0.801629101585612,0.130208,0
23119,4,0,0.38,1,0.702991452991453,0.9580420222262996,0.572725,1
23119,5,0,0.036,0,0.7272727272727272,0.2236416644844808,0.125545,0
23119,6,0,0.036,0,0.6668376068376068,0.2236416644844808,0.152854,0
23119,7,0,0.06,0,0.6247120818867203,0.3274449191544763,0.234932,0
23119,8,0,0.0,0,0.6778568387763791,0.0,0.001395,0
23119,9,0,0.028,0,0.7288647342995169,0.1842605933396551,0.000775,0
23119,10,0,0.04,0,0.7348484848484849,0.2422921890824148,0.001056,0
23119,11,0,0.008,0,0.702020202020202,0.0672215447583068,0.000342,0
23119,12,0,0.008,0,0.642292490118577,0.0672215447583068,0.003022,0
23119,13,0,0.02,0,0.709090909090909,0.1414405425418206,0.00437,0
23119,14,0,0.032,0,0.7368421052631579,0.2043246709802796,0.047368,0
23119,15,0,0.028,0,0.6851851851851851,0.1842605933396551,0.00068,0
23119,16,0,0.004,0,0.7106481481481483,0.0376223603222784,0.000831,0
23119,17,0,0.228,0,0.6111111111111112,0.7745085286615678,0.008507,0
23119,18,0,0.504,1,0.6369047619047619,0.9999538332662392,0.047793,0
23119,19,0,0.016,0,0.7222222222222222,0.118350011408275,0.010227,0
23119,20,0,0.084,0,0.6646825396825397,0.4161189512518705,0.37892,0
23119,21,1,0.124,0,0.7142857142857143,0.5407504779634867,0.536946,1
23119,22,0,0.032,0,0.7142857142857143,0.2043246709802796,0.015066,0
23119,23,0,0.032,0,0.7142857142857143,0.2043246709802796,0.00773,0
23119,24,0,0.02,0,0.6611111111111111,0.1414405425418206,0.862758,1
23119,25,0,0.036,0,0.7602108036890646,0.2236416644844808,0.706434,1
23119,26,0,0.02,0,0.7288647342995169,0.1414405425418206,0.695207,1
23119,27,0,0.08,0,0.7566137566137566,0.4021791902022729,0.015727,0
23119,28,0,0.016,0,0.5978535353535354,0.118350011408275,0.098547,0
23119,29,0,0.156,0,0.5833333333333334,0.6246538232507122,0.126831,0
23119,30,0,0.16,0,0.6287878787878788,0.6343095546405662,0.138969,0
23119,31,0,0.16,0,0.6287878787878788,0.6343095546405662,0.10934,0
23119,32,0,0.028,0,0.6560606060606061,0.1842605933396551,0.114336,0
23119,33,0,0.04,0,0.6999999999999998,0.2422921890824148,0.004187,0
23119,34,0,0.06,0,0.6470588235294118,0.3274449191544763,0.006249,0
23119,35,0,0.04,0,0.6797385620915032,0.2422921890824148,0.091957,0
23119,36,0,0.072,0,0.8333333333333334,0.3733433210798535,0.014005,0
23119,37,0,0.04,0,0.6797385620915032,0.2422921890824148,0.000639,0
23119,38,0,0.04,0,0.6999999999999998,0.2422921890824148,0.004729,0
23119,39,0,0.06,0,0.6470588235294118,0.3274449191544763,0.008369,0
23119,40,0,0.028,0,0.6129032258064516,0.1842605933396551,0.084079,0
24578,1,0,0.188,0,0.9761904761904764,0.697268815792328,0.006128,0
24578,2,0,0.0,0,0.9607843137254902,0.0,0.005917,0
24578,3,0,0.0,0,0.8703703703703703,0.0,0.009649,0
24578,4,0,0.052,0,0.9607843137254902,0.2948328193632007,0.012529,0
24578,5,0,0.008,0,0.8000000000000002,0.0672215447583068,0.006967,0
24578,6,0,0.0,0,0.8703703703703703,0.0,0.008489,0
24578,7,0,0.004,0,0.9607843137254902,0.0376223603222784,0.012626,0
24578,8,0,0.248,0,0.9761904761904764,0.8080927832245588,0.001716,0
24578,9,0,0.02,0,0.9761904761904764,0.1414405425418206,0.006825,0
24578,10,0,0.26,0,0.9743589743589745,0.8267463724926178,0.003901,0
24578,11,0,0.056,0,0.8000000000000002,0.3113573704292831,0.00724,0
24578,12,0,0.092,0,0.7671957671957671,0.443110558244691,0.004041,0
24578,13,0,0.064,0,0.7470355731225297,0.3431229071320205,0.001037,0
24578,14,0,0.096,0,0.8125,0.4561861025695263,0.001672,0
24578,15,0,0.056,0,0.7789473684210527,0.3113573704292831,0.002993,0
24578,16,0,0.052,0,0.7647058823529411,0.2948328193632007,0.007705,0
24578,17,0,0.02,0,0.7027777777777778,0.1414405425418206,0.052575,0
24578,18,0,0.044,0,0.8000000000000002,0.2603406250124504,0.02713,0
24578,19,0,0.088,0,0.8585858585858586,0.4297586093037605,0.002513,0
24578,20,0,0.028,0,0.8058608058608058,0.1842605933396551,0.01995,0
24578,21,0,0.092,0,0.8058608058608058,0.443110558244691,0.008591,0
24578,22,0,0.072,0,0.8058608058608058,0.3733433210798535,0.174129,0
24578,23,0,0.088,0,0.8571428571428571,0.4297586093037605,0.172928,0
24578,24,0,0.096,0,0.8585858585858586,0.4561861025695263,0.118639,0
24578,25,1,0.064,0,0.8333333333333334,0.3431229071320205,0.157435,0
24578,26,0,0.096,0,0.8484848484848485,0.4561861025695263,0.030851,0
24578,27,0,0.052,0,0.8727272727272727,0.2948328193632007,0.046916,0
24578,28,0,0.2,0,0.8888888888888888,0.7219280948873623,0.016226,0
24578,29,0,0.204,0,1.0,0.7298563169471575,0.044149,0
24578,30,0,0.204,0,1.0,0.7298563169471575,0.056614,0
24578,31,0,0.036,0,0.7412698412698413,0.2236416644844808,0.05204,0
2473,1,1,0.008,0,0.7474816849816849,0.0672215447583068,0.326848,0
2473,2,0,0.452,1,0.7380952380952381,0.9933418121880536,0.019062,0
2473,3,0,0.064,0,0.673611111111111,0.3431229071320205,0.031892,0
2473,4,0,0.092,0,0.75,0.443110558244691,0.008016,0
2473,5,0,0.096,0,0.7608695652173912,0.4561861025695263,0.015569,0
2473,6,0,0.108,0,0.7055682684973302,0.4938537236995206,0.013684,0
2473,7,0,0.004,0,0.7319688109161793,0.0376223603222784,0.046645,0
2473,8,0,0.028,0,0.7904761904761904,0.1842605933396551,0.067072,0
2473,9,0,0.036,0,0.8418803418803419,0.2236416644844808,0.098652,0
2473,10,0,0.192,0,0.9,0.7056366064601749,0.129467,0
2473,11,0,0.004,0,0.8671328671328671,0.0376223603222784,0.222792,0
2473,12,0,0.564,1,0.9333333333333332,0.9881489563064276,0.043312,0
2473,13,0,0.132,0,0.8305555555555556,0.5628977911449632,0.160947,0
2473,14,0,0.136,0,0.7608695652173912,0.5736665363828041,0.051333,0
2473,15,0,0.088,0,0.711779448621554,0.4297586093037605,0.014264,0
2473,16,0,0.02,0,0.7461300309597524,0.1414405425418206,0.022325,0
2473,17,0,0.032,0,0.8930555555555556,0.2043246709802796,0.014781,0
2473,18,0,0.072,0,0.8653846153846154,0.3733433210798535,0.05188,0
2473,19,0,0.184,0,0.9,0.6887498056988562,0.040002,0
2473,20,1,0.02,0,0.8333333333333334,0.1414405425418206,0.359311,0
2473,21,0,0.568,1,0.9333333333333332,0.9866165198488092,0.052045,0
2473,22,0,0.132,0,0.8125,0.5628977911449632,0.047753,0
25419,1,0,0.652,1,0.906060606060606,0.9322691915480672,0.153305,0
25419,2,0,0.02,0,0.9166666666666666,0.1414405425418206,0.168079,0
25419,3,0,0.012,0,0.8000000000000002,0.0937779098477716,0.030988,0
25419,4,0,0.036,0,0.7734204793028322,0.2236416644844808,0.126901,0
25419,5,0,0.016,0,0.7222222222222222,0.118350011408275,0.235479,0
25419,6,1,0.396,1,0.7549019607843137,0.9685626005582142,0.264737,0
25419,7,0,0.004,0,0.7270955165692007,0.0376223603222784,0.181177,0
25419,8,0,0.028,0,0.6611111111111111,0.1842605933396551,0.218954,0
25419,9,1,0.412,1,0.7265221878224973,0.9775387286988187,0.083484,0
25419,10,0,0.008,0,0.7368421052631579,0.0672215447583068,0.153816,0
25419,11,0,0.22,0,0.7412280701754387,0.7601675029619656,0.433083,0
25419,12,0,0.188,0,0.8119658119658121,0.697268815792328,0.166464,0
25419,13,0,0.264,0,0.8119658119658121,0.8327226374934938,0.103792,0
25419,14,0,0.02,0,0.7368421052631579,0.1414405425418206,0.032835,0
25419,15,0,0.14,0,0.8000000000000002,0.584238811642856,0.061404,0
25419,16,0,0.048,0,0.6842105263157895,0.2778395739583094,0.113219,0
25419,17,0,0.004,0,0.7270955165692007,0.0376223603222784,0.07951,0
25419,18,0,0.04,0,0.8254357298474946,0.2422921890824148,0.100336,0
26145,1,0,0.06,0,0.9487179487179488,0.3274449191544763,0.220632,0
26145,2,0,0.02,0,0.9111111111111112,0.1414405425418206,0.790728,1
26145,3,0,0.0,0,1.0,0.0,0.458359,0
26145,4,0,0.0,0,1.0,0.0,0.45786,0
26145,5,0,0.0,0,0.9111111111111112,0.0,0.014434,0
26145,6,0,0.008,0,0.9333333333333332,0.0672215447583068,0.001462,0
26145,7,0,0.004,0,0.9420289855072465,0.0376223603222784,0.008098,0
26145,8,0,0.0,0,0.8928571428571429,0.0,0.004096,0
26145,9,0,0.012,0,0.9135802469135802,0.0937779098477716,0.004414,0
26145,10,0,0.012,0,0.9027777777777778,0.0937779098477716,0.012513,0
26145,11,0,0.008,0,0.9047619047619048,0.0672215447583068,0.156732,0
26145,12,0,0.012,0,0.9019607843137256,0.0937779098477716,0.435935,0
26145,13,0,0.0,0,1.0,0.0,0.23527,0
26145,14,0,0.0,0,1.0,0.0,0.286502,0
26145,15,0,0.0,0,1.0,0.0,0.008427,0
26145,16,0,0.008,0,0.9242424242424242,0.0672215447583068,0.00124,0
26145,17,0,0.0,0,0.92,0.0,0.010161,0
26145,18,0,0.0,0,0.8978919631093545,0.0,0.001503,0
26145,19,0,0.0,0,0.9803921568627452,0.0,0.002202,0
26145,20,0,0.008,0,0.9761904761904764,0.0672215447583068,0.012824,0
26145,21,0,0.0,0,1.0,0.0,0.00923,0
26145,22,1,0.944,1,1.0,0.3113573704292833,0.227583,0
26145,23,0,0.008,0,0.9761904761904764,0.0672215447583068,0.010109,0
26145,24,0,0.0,0,0.9803921568627452,0.0,0.001703,0
26145,25,0,0.0,0,0.9420289855072465,0.0,0.129372,0
26145,26,0,0.0,0,0.9333333333333332,0.0,0.146603,0
26145,27,0,0.02,0,0.8958333333333334,0.1414405425418206,0.138293,0
26145,28,0,0.072,0,0.8717948717948718,0.3733433210798535,0.147065,0
26300,1,0,0.208,0,0.9333333333333332,0.737642380185689,0.20512,0
26300,2,0,0.176,0,0.8947368421052632,0.6712478853829508,0.240781,0
26300,3,0,0.24,0,0.8823529411764706,0.7950402793845223,0.030544,0
26300,4,0,0.092,0,0.8040935672514621,0.443110558244691,0.006002,0
26300,5,0,0.012,0,0.8282828282828283,0.0937779098477716,0.000625,0
26300,6,0,0.04,0,0.8194444444444445,0.2422921890824148,0.01338,0
26300,7,0,0.028,0,0.7996658312447785,0.1842605933396551,0.002603,0
26300,8,0,0.012,0,0.8285024154589372,0.0937779098477716,0.001593,0
26300,9,0,0.004,0,0.8222222222222223,0.0376223603222784,0.008438,0
26300,10,0,0.104,0,0.8827404479578392,0.4815485438118001,0.004562,0
26300,11,0,0.14,0,0.8636363636363636,0.584238811642856,0.019027,0
26300,12,0,0.06,0,0.8959156785243741,0.3274449191544763,0.010543,0
26300,13,0,0.036,0,0.8000000000000002,0.2236416644844808,0.003137,0
26300,14,0,0.008,0,0.8251082251082251,0.0672215447583068,0.025881,0
26300,15,0,0.052,0,1.0,0.2948328193632007,0.0417,0
26300,16,0,0.044,0,0.9399509803921569,0.2603406250124504,0.201541,0
26300,17,1,0.844,1,0.9487179487179488,0.6246538232507122,0.513514,1
26300,18,0,0.004,0,0.8473684210526317,0.0376223603222784,0.317168,0
26300,19,1,0.82,1,0.8955065359477125,0.68007704572828,0.38138,0
26300,20,0,0.008,0,0.7538461538461538,0.0672215447583068,0.01836,0
27025,1,1,0.004,0,1.0,0.0376223603222784,0.65045,1
27025,2,0,0.012,0,1.0,0.0937779098477716,0.222089,0
27025,3,0,0.004,0,0.7666666666666666,0.0376223603222784,0.022046,0
27025,4,0,0.02,0,0.75,0.1414405425418206,0.098067,0
27025,5,0,0.04,0,0.6997549019607844,0.2422921890824148,0.479953,0
27025,6,0,0.016,0,0.631578947368421,0.118350011408275,0.035362,0
27025,7,0,0.16,0,0.6428458498023716,0.6343095546405662,0.025855,0
27025,8,0,0.056,0,0.6446153846153847,0.3113573704292831,0.006799,0
27025,9,0,0.06,0,0.6547303271441203,0.3274449191544763,0.053478,0
27025,10,0,0.1,0,0.5877099911582669,0.4689955935892811,0.011255,0
27025,11,0,0.008,0,0.6790123456790124,0.0672215447583068,0.014761,0
27025,12,0,0.036,0,0.6763285024154589,0.2236416644844808,0.003704,0
27025,13,0,0.036,0,0.631578947368421,0.2236416644844808,0.060291,0
27025,14,0,0.084,0,0.5765608875128999,0.4161189512518705,0.01132,0
27025,15,0,0.048,0,0.5795370779890904,0.2778395739583094,0.219182,0
27025,16,0,0.064,0,0.6083333333333333,0.3431229071320205,0.322005,0
27025,17,0,0.176,0,0.6746031746031745,0.6712478853829508,0.041561,0
27025,18,0,0.116,0,0.75,0.5177526267252631,0.000894,0
27025,19,0,0.216,0,0.6936026936026937,0.7527960664084546,0.009326,0
27025,20,0,0.236,0,0.8214285714285715,0.7883249003933804,0.004258,0
27025,21,0,0.06,0,0.631578947368421,0.3274449191544763,0.001537,0
27025,22,0,0.096,0,0.6575622445187662,0.4561861025695263,0.003755,0
27025,23,0,0.052,0,0.7058823529411765,0.2948328193632007,0.008623,0
27025,24,0,0.0,0,0.648888888888889,0.0,0.233169,0
27025,25,0,0.012,0,0.6926406926406926,0.0937779098477716,0.298131,0
27025,26,0,0.008,0,0.8078431372549021,0.0672215447583068,0.1048,0
27025,27,0,0.06,0,0.7738095238095237,0.3274449191544763,0.074364,0
27025,28,0,0.008,0,0.75599128540305,0.0672215447583068,0.000658,0
27025,29,0,0.004,0,0.6969696969696969,0.0376223603222784,0.004969,0
27025,30,0,0.096,0,0.6906565656565656,0.4561861025695263,0.015867,0
27025,31,0,0.02,0,0.69281045751634,0.1414405425418206,0.006446,0
27025,32,0,0.04,0,0.6997549019607844,0.2422921890824148,0.002978,0
27025,33,0,0.02,0,0.75,0.1414405425418206,0.001635,0
2835,1,0,0.588,1,0.8356902356902357,0.9775387286988187,0.809851,1
2835,2,0,0.42,1,0.903030303030303,0.9814538950336535,0.403783,0
2835,3,0,0.184,0,0.7818181818181819,0.6887498056988562,0.094271,0
2835,4,0,0.012,0,0.9,0.0937779098477716,0.019434,0
2835,5,0,0.016,0,0.9,0.118350011408275,0.023375,0
2835,6,0,0.056,0,0.906060606060606,0.3113573704292831,0.034358,0
2835,7,0,0.164,0,1.0,0.6437935214851034,0.013167,0
2835,8,0,0.06,0,1.0,0.3274449191544763,0.052021,0
2835,9,0,0.0,0,0.9090909090909092,0.0,0.060722,0
2835,10,1,0.676,1,0.8777777777777778,0.908678384800712,0.308822,0
28399,1,1,0.36,1,0.6923076923076922,0.9426831892554924,0.21253,0
28399,2,0,0.204,0,0.6732026143790849,0.7298563169471575,0.044938,0
28399,3,0,0.016,0,0.7777777777777778,0.118350011408275,0.067111,0
28399,4,0,0.04,0,0.8571428571428571,0.2422921890824148,0.040333,0
28399,5,0,0.012,0,0.7563492063492063,0.0937779098477716,0.050269,0
28399,6,0,0.632,1,0.8162393162393163,0.9491240519851772,0.155452,0
28399,7,0,0.068,0,0.7549019607843137,0.3584153246392749,0.010053,0
28399,8,0,0.02,0,0.7647058823529411,0.1414405425418206,0.033558,0
28399,9,0,0.052,0,0.7146464646464646,0.2948328193632007,0.020953,0
28399,10,0,0.104,0,0.6713306982872199,0.4815485438118001,0.075852,0
28399,11,0,0.004,0,0.789083820662768,0.0376223603222784,0.014929,0
28399,12,0,0.048,0,0.8198529411764706,0.2778395739583094,0.034575,0
28399,13,0,0.14,0,0.8974358974358975,0.584238811642856,0.00865,0
28399,14,0,0.016,0,0.8484848484848485,0.118350011408275,0.035321,0
28399,15,0,0.612,1,0.8888888888888888,0.9634967421655786,0.063158,0
28399,16,0,0.072,0,0.8974358974358975,0.3733433210798535,0.044955,0
28399,17,1,0.036,0,0.7272727272727272,0.2236416644844808,0.319325,0
28399,18,0,0.02,0,0.8198529411764706,0.1414405425418206,0.061834,0
28399,19,0,0.06,0,0.7833333333333333,0.3274449191544763,0.10523,0
28399,20,0,0.02,0,0.7763157894736842,0.1414405425418206,0.019139,0
29390,1,1,0.844,1,0.9090909090909092,0.6246538232507122,0.643064,1
29390,2,0,0.136,0,0.8232323232323232,0.5736665363828041,0.205064,0
29390,3,0,0.164,0,0.9090909090909092,0.6437935214851034,0.085617,0
29390,4,0,0.072,0,0.8232323232323232,0.3733433210798535,0.038631,0
29390,5,0,0.032,0,0.8018648018648019,0.2043246709802796,0.014994,0
29390,6,0,0.328,1,0.8333333333333334,0.9128699190400288,0.176651,0
29390,7,0,0.396,1,0.8333333333333334,0.9685626005582142,0.059439,0
29390,8,0,0.172,0,0.8181818181818182,0.6622595460438848,0.103316,0
29390,9,0,0.0,0,0.8232323232323232,0.0,0.009926,0
29390,10,0,0.06,0,0.8282828282828283,0.3274449191544763,0.063779,0
29444,1,0,0.04,0,0.7908496732026143,0.2422921890824148,0.067659,0
29444,2,0,0.06,0,0.7874097007223941,0.3274449191544763,0.061734,0
29444,3,0,0.028,0,0.7491582491582491,0.1842605933396551,0.117661,0
29444,4,0,0.008,0,0.7374623427255006,0.0672215447583068,0.016297,0
29444,5,0,0.008,0,0.8627450980392156,0.0672215447583068,0.05861,0
29444,6,0,0.028,0,0.9166666666666666,0.1842605933396551,0.215568,0
29444,7,0,0.024,0,0.8888888888888888,0.1633455431834023,0.100741,0
29444,8,0,0.484,1,0.8925925925925925,0.9992612140227842,0.099368,0
29444,9,0,0.028,0,0.9166666666666666,0.1842605933396551,0.126163,0
29444,10,0,0.7,1,0.8611111111111112,0.8812908992306927,0.020622,0
29444,11,0,0.016,0,0.8681917211328974,0.118350011408275,0.045262,0
29444,12,0,0.032,0,0.7874097007223941,0.2043246709802796,0.036404,0
29444,13,0,0.088,0,0.8666666666666667,0.4297586093037605,0.015486,0
29444,14,0,0.128,0,0.7948717948717948,0.5519275534566073,0.086553,0
29444,15,0,0.0,0,0.7999999999999999,0.0,0.449454,0
29444,16,0,0.048,0,0.8163054695562435,0.2778395739583094,0.053016,0
29444,17,1,0.088,0,0.8464052287581699,0.4297586093037605,0.430846,0
29444,18,0,0.016,0,0.8916666666666666,0.118350011408275,0.053681,0
30074,1,0,0.484,1,0.8333333333333334,0.9992612140227842,0.045387,0
30074,2,0,0.156,0,0.6666666666666666,0.6246538232507122,0.118166,0
30074,3,0,0.484,1,0.8333333333333334,0.9992612140227842,0.058011,0
30074,4,0,0.484,1,0.8333333333333334,0.9992612140227842,0.04873,0
30074,5,0,0.024,0,0.6732026143790849,0.1633455431834023,0.039301,0
30074,6,0,0.016,0,0.8000000000000002,0.118350011408275,0.022147,0
30074,7,0,0.02,0,0.70890522875817,0.1414405425418206,0.117138,0
30074,8,0,0.168,0,0.7058823529411765,0.6531091121418667,0.249981,0
30074,9,0,0.024,0,0.7597222222222223,0.1633455431834023,0.028289,0
30074,10,1,0.436,1,0.8232323232323232,0.9881489563064276,0.242192,0
30074,11,0,0.008,0,0.7111111111111111,0.0672215447583068,0.053706,0
30074,12,0,0.236,0,0.7507936507936508,0.7883249003933804,0.172667,0
30074,13,0,0.316,1,0.7424242424242425,0.8999784480561687,0.5891,1
30074,14,0,0.02,0,0.7206349206349206,0.1414405425418206,0.041275,0
31689,1,0,0.436,1,0.9666666666666668,0.9881489563064276,0.406095,0
31689,2,0,0.14,0,0.8666666666666667,0.584238811642856,0.509837,1
31689,3,0,0.436,1,0.9666666666666668,0.9881489563064276,0.397636,0
31689,4,0,0.008,0,0.7692307692307693,0.0672215447583068,0.018317,0
31689,5,0,0.024,0,0.7352941176470589,0.1633455431834023,0.008046,0
31689,6,0,0.012,0,0.8338493292053664,0.0937779098477716,0.013113,0
31689,7,0,0.016,0,0.7706349206349206,0.118350011408275,0.002658,0
31689,8,0,0.032,0,0.8596491228070176,0.2043246709802796,0.026008,0
31689,9,0,0.136,0,0.8947368421052632,0.5736665363828041,0.013082,0
31689,10,0,0.0,0,0.8888888888888888,0.0,0.043523,0
31689,11,0,0.0,0,0.875,0.0,0.033899,0
31689,12,0,0.252,0,1.0,0.8144326879441559,0.024575,0
31689,13,0,0.02,0,0.9487179487179488,0.1414405425418206,0.026846,0
31689,14,0,0.92,1,1.0,0.4021791902022727,0.086319,0
31689,15,0,0.052,0,0.8791208791208791,0.2948328193632007,0.079523,0
31689,16,1,0.02,0,0.8611111111111112,0.1414405425418206,0.386246,0
31689,17,0,0.004,0,0.8732943469785575,0.0376223603222784,0.046049,0
31689,18,0,0.144,0,0.8947368421052632,0.5946193440950124,0.092505,0
31689,19,0,0.004,0,0.8486111111111111,0.0376223603222784,0.272652,0
31689,20,0,0.012,0,0.8338493292053664,0.0937779098477716,0.159925,0
31689,21,0,0.024,0,0.7352941176470589,0.1633455431834023,0.077928,0
3215,1,0,0.472,1,0.888888888888889,0.9977366703420346,0.175856,0
3215,2,0,0.012,0,0.9047619047619048,0.0937779098477716,0.140368,0
3215,3,0,0.012,0,0.8222222222222223,0.0937779098477716,0.004635,0
3215,4,0,0.088,0,1.0,0.4297586093037605,0.002521,0
3215,5,0,0.104,0,0.888888888888889,0.4815485438118001,0.013451,0
3215,6,0,0.036,0,0.8666666666666667,0.2236416644844808,0.006252,0
3215,7,0,0.008,0,0.9555555555555556,0.0672215447583068,0.022824,0
3215,8,0,0.132,0,0.8125,0.5628977911449632,0.03188,0
3215,9,0,0.232,0,0.8267973856209151,0.7814814932386424,0.081515,0
3215,10,0,0.232,0,0.8592592592592592,0.7814814932386424,0.039504,0
3215,11,0,0.06,0,0.8148148148148149,0.3274449191544763,0.08276,0
3215,12,0,0.232,0,0.8041666666666667,0.7814814932386424,0.311671,0
3215,13,0,0.336,1,0.7666666666666666,0.9209394481940656,0.185471,0
3215,14,0,0.056,0,0.7930283224400871,0.3113573704292831,0.142591,0
3215,15,1,0.228,0,0.8571428571428571,0.7745085286615678,0.501408,1
3215,16,0,0.068,0,0.8040935672514621,0.3584153246392749,0.093878,0
3215,17,0,0.008,0,0.7554179566563467,0.0672215447583068,0.197421,0
3215,18,0,0.0,0,0.7333333333333333,0.0,0.006142,0
3215,19,0,0.024,0,0.7319688109161793,0.1633455431834023,0.000862,0
3215,20,0,0.008,0,0.7368421052631579,0.0672215447583068,0.000669,0
3215,21,0,0.02,0,0.6137566137566138,0.1414405425418206,0.00015,0
3215,22,0,0.092,0,0.6222222222222222,0.443110558244691,0.002852,0
3215,23,0,0.188,0,0.6111111111111112,0.697268815792328,0.000805,0
3215,24,0,0.112,0,0.7083333333333334,0.5059192440727412,0.002449,0
3215,25,0,0.188,0,0.5777777777777778,0.697268815792328,0.012088,0
3215,26,0,0.06,0,0.4905982905982906,0.3274449191544763,0.043757,0
3215,27,0,0.168,0,0.6083333333333333,0.6531091121418667,0.041257,0
3215,28,0,0.028,0,0.6007326007326007,0.1842605933396551,0.020535,0
3215,29,0,0.068,0,0.6470588235294118,0.3584153246392749,0.083954,0
3215,30,0,0.188,0,0.7113289760348583,0.697268815792328,0.041578,0
3215,31,0,0.084,0,0.6875,0.4161189512518705,0.015146,0
3215,32,0,0.008,0,0.7368421052631579,0.0672215447583068,0.512908,1
3215,33,0,0.024,0,0.7319688109161793,0.1633455431834023,0.479097,0
3215,34,0,0.06,0,0.8148148148148149,0.3274449191544763,0.098202,0
3215,35,0,0.232,0,0.8592592592592592,0.7814814932386424,0.033778,0
33149,1,0,0.268,0,0.7965811965811965,0.838580099995485,0.470402,0
33149,2,0,0.064,0,0.8578431372549019,0.3431229071320205,0.674091,1
33149,3,0,0.076,0,0.8447368421052631,0.3879256793719373,0.040434,0
33149,4,0,0.004,0,0.8097896255790992,0.0376223603222784,0.012194,0
33149,5,0,0.196,0,0.8181818181818182,0.7138555955076475,0.024186,0
33149,6,0,0.316,1,0.7047619047619048,0.8999784480561687,0.022874,0
33149,7,1,0.012,0,0.8833333333333333,0.0937779098477716,0.39701,0
33149,8,0,0.072,0,0.85,0.3733433210798535,0.02107,0
33149,9,0,0.132,0,0.8461538461538461,0.5628977911449632,0.017258,0
33149,10,0,0.028,0,0.8121212121212121,0.1842605933396551,0.143764,0
33149,11,0,0.652,1,0.925925925925926,0.9322691915480672,0.158376,0
33149,12,0,0.132,0,0.8461538461538461,0.5628977911449632,0.123175,0
33149,13,0,0.072,0,0.85,0.3733433210798535,0.118811,0
33149,14,0,0.008,0,0.8226120857699805,0.0672215447583068,0.094384,0
33149,15,0,0.028,0,0.8189542483660132,0.1842605933396551,0.016834,0
33149,16,0,0.076,0,0.7904761904761904,0.3879256793719373,0.013655,0
33149,17,0,0.148,0,0.8376068376068376,0.6048125901165884,0.005721,0
33149,18,0,0.124,0,0.84593837535014,0.5407504779634867,0.00468,0
33149,19,0,0.012,0,0.8048245614035089,0.0937779098477716,0.02622,0
33149,20,0,0.048,0,0.8125,0.2778395739583094,0.008624,0
36057,1,0,0.156,0,1.0,0.6246538232507122,0.071778,0
36057,2,0,0.052,0,1.0,0.2948328193632007,0.022495,0
36057,3,0,0.016,0,1.0,0.118350011408275,0.024954,0
36057,4,0,0.0,0,1.0,0.0,0.00992,0
36057,5,0,0.004,0,0.9649122807017544,0.0376223603222784,0.043232,0
36057,6,0,0.04,0,1.0,0.2422921890824148,0.066589,0
36057,7,0,0.012,0,0.9565217391304348,0.0937779098477716,0.065322,0
36057,8,0,0.02,0,0.9444444444444444,0.1414405425418206,0.126334,0
36057,9,0,0.06,0,0.8888888888888888,0.3274449191544763,0.038716,0
36057,10,0,0.02,0,0.9333333333333332,0.1414405425418206,0.030278,0
36057,11,0,0.096,0,0.9375,0.4561861025695263,0.013961,0
36057,12,0,0.08,0,0.8634920634920634,0.4021791902022729,0.070644,0
36057,13,0,0.064,0,0.8163054695562435,0.3431229071320205,0.34242,0
36057,14,0,0.1,0,0.7195767195767195,0.4689955935892811,0.22644,0
36057,15,0,0.028,0,0.7069061542745754,0.1842605933396551,0.157385,0
36057,16,1,0.632,1,0.6882855706385119,0.9491240519851772,0.379898,0
36057,17,0,0.016,0,0.75,0.118350011408275,0.029674,0
36057,18,0,0.136,0,0.7934640522875817,0.5736665363828041,0.024506,0
36057,19,0,0.012,0,0.8631578947368421,0.0937779098477716,0.012848,0
36057,20,0,0.02,0,0.9649122807017544,0.1414405425418206,0.026081,0
36057,21,0,0.008,0,1.0,0.0672215447583068,0.033977,0
36057,22,0,0.008,0,1.0,0.0672215447583068,0.006159,0
36057,23,0,0.06,0,1.0,0.3274449191544763,0.054244,0
40169,1,0,0.116,0,0.7628205128205128,0.5177526267252631,0.34304,0
40169,2,0,0.164,0,0.7195767195767195,0.6437935214851034,0.450371,0
40169,3,0,0.02,0,0.7628205128205128,0.1414405425418206,0.099566,0
40169,4,0,0.016,0,0.714975845410628,0.118350011408275,0.009924,0
40169,5,0,0.064,0,0.7657378740970072,0.3431229071320205,0.031176,0
40169,6,0,0.148,0,0.6813725490196078,0.6048125901165884,0.180255,0
40169,7,0,0.048,0,0.671826625386997,0.2778395739583094,0.020257,0
40169,8,0,0.212,0,0.7261904761904763,0.7452883145630643,0.176572,0
40169,9,0,0.296,0,0.7509157509157509,0.8763462289152608,0.05494,0
40169,10,0,0.08,0,0.7368421052631579,0.4021791902022729,0.037431,0
40169,11,0,0.008,0,0.6618357487922705,0.0672215447583068,0.005338,0
40169,12,0,0.016,0,0.6577777777777777,0.118350011408275,0.00922,0
40169,13,0,0.044,0,0.6137566137566138,0.2603406250124504,0.141806,0
40169,14,0,0.12,0,0.6684350132625996,0.5293608652873644,0.011692,0
40169,15,0,0.072,0,0.6906565656565656,0.3733433210798535,0.000218,0
40169,16,0,0.072,0,0.7027777777777778,0.3733433210798535,0.000433,0
40169,17,0,0.236,0,0.6666666666666666,0.7883249003933804,0.001452,0
40169,18,0,0.072,0,0.7027777777777778,0.3733433210798535,0.000919,0
40169,19,0,0.072,0,0.6906565656565656,0.3733433210798535,0.000254,0
40169,20,0,0.08,0,0.7027777777777778,0.4021791902022729,0.001655,0
40169,21,0,0.144,0,0.7321428571428571,0.5946193440950124,0.007898,0
40169,22,1,0.512,1,0.706959706959707,0.9995844639313984,0.066992,0
40169,23,0,0.164,0,0.7142857142857143,0.6437935214851034,0.007225,0
40169,24,0,0.08,0,0.7027777777777778,0.4021791902022729,0.003615,0
48179,1,0,0.068,0,0.8518518518518517,0.3584153246392749,0.203343,0
48179,2,0,0.308,1,0.7222222222222222,0.890851296603444,0.32482,0
48179,3,0,0.024,0,0.8518518518518517,0.1633455431834023,0.00961,0
48179,4,0,0.068,0,0.6565656565656566,0.3584153246392749,0.298769,0
48179,5,0,0.072,0,0.7564102564102564,0.3733433210798535,0.107492,0
48179,6,0,0.096,0,0.6656746031746031,0.4561861025695263,0.078596,0
48179,7,1,0.424,1,0.6303418803418804,0.9832692110965184,0.33456,0
48179,8,0,0.124,0,0.8148148148148149,0.5407504779634867,0.206512,0
48179,9,0,0.032,0,0.7738095238095237,0.2043246709802796,0.306886,0
48179,10,0,0.016,0,0.8190476190476191,0.118350011408275,0.010477,0
48179,11,0,0.104,0,0.8461538461538461,0.4815485438118001,0.006552,0
48179,12,0,0.084,0,0.9,0.4161189512518705,0.003091,0
48179,13,0,0.024,0,1.0,0.1633455431834023,0.001278,0
48179,14,0,0.004,0,1.0,0.0376223603222784,0.032399,0
48179,15,0,0.084,0,0.9,0.4161189512518705,0.001065,0
48179,16,0,0.104,0,0.8461538461538461,0.4815485438118001,0.004612,0
5164,1,0,0.616,1,0.8018648018648019,0.960818175317104,0.503682,1
5164,2,0,0.272,0,0.6984126984126985,0.8443198937773438,0.164803,0
5164,3,0,0.228,0,0.784981684981685,0.7745085286615678,0.109374,0
5164,4,0,0.016,0,0.7841880341880342,0.118350011408275,0.028522,0
5164,5,0,0.048,0,0.8498168498168498,0.2778395739583094,0.018492,0
5164,6,0,0.012,0,0.85,0.0937779098477716,0.037216,0
5164,7,1,0.792,1,1.0,0.737642380185689,0.372401,0
5164,8,0,0.012,0,0.85,0.0937779098477716,0.03447,0
5164,9,0,0.792,1,1.0,0.737642380185689,0.341328,0
5164,10,0,0.048,0,0.8498168498168498,0.2778395739583094,0.011591,0
5164,11,0,0.016,0,0.7841880341880342,0.118350011408275,0.033112,0
5164,12,0,0.228,0,0.784981684981685,0.7745085286615678,0.08618,0
54,1,0,0.072,0,0.8592592592592592,0.3733433210798535,0.024308,0
54,2,0,0.26,0,0.8585858585858586,0.8267463724926178,0.079483,0
54,3,0,0.072,0,0.8592592592592592,0.3733433210798535,0.016838,0
54,4,0,0.112,0,0.8791208791208791,0.5059192440727412,0.27095,0
54,5,0,0.072,0,0.8799019607843137,0.3733433210798535,0.134235,0
54,6,0,0.12,0,0.8464052287581699,0.5293608652873644,0.146711,0
54,7,0,0.132,0,0.8823529411764706,0.5628977911449632,0.373642,0
54,8,0,0.0,0,0.8627450980392156,0.0,0.031605,0
54,9,0,0.544,1,0.9285714285714284,0.9944066525627804,0.090579,0
54,10,0,0.004,0,0.923076923076923,0.0376223603222784,0.047718,0
54,11,1,0.78,1,0.9166666666666666,0.7601675029619656,0.280445,0
54,12,0,0.068,0,0.8931623931623931,0.3584153246392749,0.09509,0
54,13,0,0.004,0,0.923076923076923,0.0376223603222784,0.06082,0
54,14,0,0.78,1,0.9166666666666666,0.7601675029619656,0.28928,0
54,15,0,0.544,1,0.9285714285714284,0.9944066525627804,0.075153,0
5790,1,0,0.22,0,0.8000000000000002,0.7601675029619656,0.412691,0
5790,2,0,0.24,0,0.7326007326007327,0.7950402793845223,0.640004,1
5790,3,0,0.028,0,0.6299162940029813,0.1842605933396551,0.149138,0
5790,4,0,0.084,0,0.753968253968254,0.4161189512518705,0.129345,0
5790,5,0,0.016,0,0.6728778467908904,0.118350011408275,0.011913,0
5790,6,0,0.028,0,0.7127777777777778,0.1842605933396551,0.017389,0
5790,7,0,0.244,0,0.685,0.801629101585612,0.036748,0
5790,8,0,0.044,0,0.7866762866762868,0.2603406250124504,0.00143,0
5790,9,0,0.048,0,0.8454365079365079,0.2778395739583094,0.00343,0
5790,10,0,0.196,0,0.8727272727272727,0.7138555955076475,0.003136,0
5790,11,0,0.116,0,0.7518518518518519,0.5177526267252631,0.002033,0
5790,12,0,0.38,1,0.9,0.9580420222262996,0.043235,0
5790,13,0,0.26,0,0.8190476190476191,0.8267463724926178,0.021303,0
5790,14,0,0.016,0,0.6717171717171717,0.118350011408275,0.059035,0
5790,15,0,0.256,0,0.6966976264189887,0.8206501291977116,0.07065,0
5790,16,0,0.016,0,0.703921568627451,0.118350011408275,0.058161,0
5790,17,1,0.44,1,0.7142857142857143,0.9895875212220556,0.251958,0
5790,18,0,0.016,0,0.6910331384015594,0.118350011408275,0.077775,0
5790,19,0,0.16,0,0.6666666666666666,0.6343095546405662,0.068988,0
5790,20,0,0.02,0,0.6842105263157895,0.1414405425418206,0.029159,0
5790,21,0,0.08,0,0.703921568627451,0.4021791902022729,0.108025,0
5840,1,1,0.76,1,1.0,0.7950402793845223,0.214872,0
5840,2,0,0.008,0,1.0,0.0672215447583068,0.00698,0
5840,3,0,0.44,1,0.6842105263157895,0.9895875212220556,0.032928,0
5840,4,0,0.016,0,0.7142857142857143,0.118350011408275,0.001239,0
5840,5,0,0.356,1,0.7272727272727272,0.939312713732236,0.001032,0
5840,6,0,0.46,1,0.7143719806763285,0.9953784388202258,0.001844,0
5840,7,0,0.356,1,0.7272727272727272,0.939312713732236,0.039282,0
5840,8,0,0.016,0,0.7142857142857143,0.118350011408275,0.058039,0
5840,9,0,0.44,1,0.6842105263157895,0.9895875212220556,0.000675,0
5840,10,0,0.008,0,1.0,0.0672215447583068,0.001163,0
5840,11,0,0.76,1,1.0,0.7950402793845223,0.029766,0
5840,12,0,0.44,1,0.6842105263157895,0.9895875212220556,0.007176,0
5840,13,0,0.016,0,0.7142857142857143,0.118350011408275,0.22304,0
5840,14,0,0.192,0,0.7142857142857143,0.7056366064601749,0.023618,0
5840,15,0,0.032,0,0.6111111111111112,0.2043246709802796,0.001264,0
5840,16,0,0.032,0,0.6111111111111112,0.2043246709802796,0.41597,0
5840,17,0,0.032,0,0.6111111111111112,0.2043246709802796,0.226206,0
5840,18,0,0.192,0,0.7142857142857143,0.7056366064601749,0.24229,0
5840,19,0,0.032,0,0.6111111111111112,0.2043246709802796,0.213849,0
5840,20,0,0.032,0,0.6111111111111112,0.2043246709802796,0.416797,0
5840,21,0,0.032,0,0.6111111111111112,0.2043246709802796,0.217816,0
5840,22,0,0.016,0,0.7142857142857143,0.118350011408275,0.217622,0
5840,23,0,0.44,1,0.6842105263157895,0.9895875212220556,0.205988,0
8997,1,1,0.708,1,0.8333333333333334,0.8712907840103599,0.248658,0
8997,2,0,0.024,0,0.7747252747252747,0.1633455431834023,0.021239,0
8997,3,0,0.144,0,0.8333333333333334,0.5946193440950124,0.030681,0
8997,4,0,0.08,0,0.8696581196581197,0.4021791902022729,0.020791,0
8997,5,0,0.012,0,0.7388888888888889,0.0937779098477716,0.056662,0
8997,6,0,0.012,0,0.7058823529411765,0.0937779098477716,0.032689,0
8997,7,0,0.088,0,0.7333333333333333,0.4297586093037605,0.032057,0
8997,8,0,0.052,0,0.672514619883041,0.2948328193632007,0.07449,0
8997,9,0,0.148,0,0.6605392156862745,0.6048125901165884,0.08082,0
8997,10,0,0.304,1,0.6388888888888888,0.8861256474645222,0.049712,0
8997,11,0,0.12,0,0.6356837606837606,0.5293608652873644,0.027963,0
8997,12,0,0.28,0,0.5517094017094016,0.8554508105601307,0.217957,0
8997,13,0,0.32,1,0.5405982905982906,0.904381457724494,0.251459,0
8997,14,0,0.208,0,0.613960113960114,0.737642380185689,0.035506,0
8997,15,0,0.184,0,0.6670751633986928,0.6887498056988562,0.033495,0
8997,16,0,0.036,0,0.6594427244582044,0.2236416644844808,0.233498,0
9856,1,0,0.056,0,0.8074074074074075,0.3113573704292831,0.155391,0
9856,2,0,0.136,0,0.8187134502923977,0.5736665363828041,0.282561,0
9856,3,0,0.168,0,0.6796581196581197,0.6531091121418667,0.451607,0
9856,4,1,0.348,1,0.8154454764361886,0.9322691915480672,0.478738,0
9856,5,0,0.084,0,0.8280701754385964,0.4161189512518705,0.008865,0
9856,6,0,0.004,0,0.9375,0.0376223603222784,0.005975,0
9856,7,0,0.028,0,0.923076923076923,0.1842605933396551,0.001212,0
9856,8,0,0.072,0,0.9090909090909092,0.3733433210798535,0.000681,0
9856,9,0,0.028,0,0.923076923076923,0.1842605933396551,0.000951,0
9856,10,0,0.004,0,0.9375,0.0376223603222784,0.00297,0
9856,11,0,0.064,0,0.7954545454545455,0.3431229071320205,0.039112,0
9856,12,0,0.008,0,0.7806637806637807,0.0672215447583068,0.006132,0
9856,13,0,0.044,0,0.8163054695562435,0.2603406250124504,0.003868,0
9856,14,0,0.08,0,0.8273809523809524,0.4021791902022729,0.001094,0
9856,15,0,0.02,0,0.7894736842105262,0.1414405425418206,0.010167,0
9856,16,0,0.04,0,0.8190476190476191,0.2422921890824148,0.007003,0
9856,17,0,0.0,0,1.0,0.0,0.185168,0
9856,18,0,0.0,0,1.0,0.0,0.183175,0
9856,19,0,0.0,0,1.0,0.0,0.168408,0
9856,20,0,0.004,0,0.8000000000000002,0.0376223603222784,0.199338,0
